profile_id,profile_visibility,phone_public,email_public,birthday_public,location_public,workplace_public,education_public,relationship_public,posts_public,location_tagging,travel_posts,unknown_connections,tag_review_enabled,third_party_apps_reviewed,mfa_enabled,login_alerts_enabled,password_reuse_reported,suspicious_link_awareness,old_posts_reviewed,privacy_settings_reviewed,risk_score,risk_level
SYNTH-00001,FRIENDS_ONLY,NO,YES,YES,NO,YES,NO,NO,FRIENDS,SOMETIMES,NO,SOMETIMES,YES,YES,YES,YES,NO,HIGH,NO,YES,24,MODERATE
SYNTH-00002,PUBLIC,NO,YES,YES,NO,NO,YES,YES,PUBLIC,YES,YES,YES,NO,NO,NO,NO,YES,LOW,NO,YES,86,CRITICAL
SYNTH-00003,PRIVATE,NO,NO,NO,NO,NO,NO,NO,FRIENDS,NO,NO,NO,YES,YES,YES,YES,NO,HIGH,YES,YES,2,LOW
SYNTH-00004,FRIENDS_ONLY,YES,NO,NO,YES,YES,YES,YES,PUBLIC,YES,YES,YES,NO,NO,YES,YES,YES,MEDIUM,NO,NO,70,HIGH
SYNTH-00005,FRIENDS_ONLY,NO,NO,NO,YES,NO,YES,YES,FRIENDS,SOMETIMES,SOMETIMES,YES,NO,NOT_SURE,NO,YES,NO,HIGH,NO,NO,50,HIGH
SYNTH-00006,FRIENDS_ONLY,NO,NO,YES,NO,NO,YES,NO,PRIVATE,YES,SOMETIMES,NO,NO,NO,NO,NO,NO,MEDIUM,NO,NO,48,HIGH
SYNTH-00007,FRIENDS_ONLY,NO,NO,NO,NO,NO,NO,YES,PRIVATE,SOMETIMES,NO,NO,YES,YES,YES,YES,NO,HIGH,YES,YES,7,LOW
SYNTH-00008,PUBLIC,NO,YES,YES,YES,YES,NO,YES,PUBLIC,YES,SOMETIMES,SOMETIMES,YES,NO,YES,NO,YES,MEDIUM,NO,NO,67,HIGH
SYNTH-00009,PRIVATE,NO,NO,NO,NO,NO,YES,YES,PRIVATE,NO,NO,NO,YES,YES,YES,YES,NO,HIGH,YES,YES,5,LOW
SYNTH-00010,FRIENDS_ONLY,NO,YES,YES,NO,YES,YES,NO,PRIVATE,NO,YES,YES,NO,NO,YES,YES,YES,MEDIUM,NO,YES,51,HIGH
SYNTH-00011,PUBLIC,NO,NO,YES,NO,YES,YES,NO,FRIENDS,YES,NO,NO,NO,NO,YES,NO,NO,MEDIUM,YES,NO,47,HIGH
SYNTH-00012,PRIVATE,NO,NO,NO,NO,NO,NO,NO,PRIVATE,NO,NO,NO,YES,YES,YES,YES,NO,HIGH,YES,YES,0,LOW
SYNTH-00013,PRIVATE,NO,NO,YES,NO,NO,NO,NO,PRIVATE,NO,NO,NO,YES,YES,YES,YES,YES,HIGH,YES,YES,6,LOW
SYNTH-00014,PUBLIC,YES,YES,YES,YES,YES,YES,YES,PUBLIC,YES,YES,YES,NO,NO,NO,NO,YES,LOW,NO,NO,100,CRITICAL
SYNTH-00015,PRIVATE,NO,NO,NO,NO,NO,NO,NO,FRIENDS,NO,NO,NO,NO,YES,YES,NO,NO,HIGH,YES,YES,11,LOW
SYNTH-00016,FRIENDS_ONLY,YES,YES,YES,NO,YES,YES,YES,FRIENDS,SOMETIMES,SOMETIMES,NO,NO,NOT_SURE,NO,YES,YES,MEDIUM,YES,YES,51,HIGH
SYNTH-00017,PUBLIC,NO,NO,YES,NO,YES,YES,NO,PUBLIC,SOMETIMES,YES,NO,NOT_SURE,NOT_SURE,YES,NO,YES,LOW,YES,NO,58,HIGH
SYNTH-00018,PUBLIC,NO,YES,YES,NO,YES,YES,YES,PUBLIC,SOMETIMES,YES,YES,NO,NO,NO,YES,YES,MEDIUM,NO,NO,79,CRITICAL
SYNTH-00019,PRIVATE,NO,NO,NO,NO,NO,NO,NO,PRIVATE,SOMETIMES,NO,NO,YES,YES,YES,YES,YES,HIGH,YES,YES,5,LOW
SYNTH-00020,PUBLIC,NO,YES,YES,YES,YES,NO,YES,PUBLIC,YES,YES,YES,NO,NO,YES,YES,YES,LOW,NO,NO,81,CRITICAL
SYNTH-00021,FRIENDS_ONLY,NO,NO,YES,YES,NO,YES,YES,FRIENDS,NO,NO,NO,YES,NO,YES,YES,NO,HIGH,NO,NO,28,MODERATE
SYNTH-00022,FRIENDS_ONLY,NO,NO,NO,NO,NO,YES,YES,FRIENDS,SOMETIMES,SOMETIMES,YES,NO,NO,YES,NO,NO,HIGH,YES,YES,38,MODERATE
SYNTH-00023,PRIVATE,NO,NO,YES,NO,YES,YES,YES,PUBLIC,SOMETIMES,SOMETIMES,SOMETIMES,NO,YES,YES,NO,YES,MEDIUM,NO,NO,49,HIGH
SYNTH-00024,FRIENDS_ONLY,YES,YES,YES,NO,NO,YES,YES,FRIENDS,SOMETIMES,SOMETIMES,YES,NO,YES,NO,NO,YES,MEDIUM,NO,YES,62,HIGH
SYNTH-00025,FRIENDS_ONLY,NO,YES,YES,YES,YES,YES,YES,FRIENDS,YES,YES,YES,YES,NO,YES,NO,NO,MEDIUM,NO,YES,61,HIGH
SYNTH-00026,FRIENDS_ONLY,NO,YES,NO,YES,NO,YES,NO,PUBLIC,NO,SOMETIMES,SOMETIMES,YES,YES,NO,YES,NO,HIGH,YES,YES,36,MODERATE
SYNTH-00027,PUBLIC,YES,YES,YES,YES,YES,YES,YES,PUBLIC,YES,YES,YES,NO,NO,NO,NO,YES,LOW,NO,NO,100,CRITICAL
SYNTH-00028,PRIVATE,NO,NO,NO,NO,NO,NO,NO,FRIENDS,NO,NO,NO,YES,YES,YES,NO,NO,HIGH,YES,YES,6,LOW
SYNTH-00029,PUBLIC,YES,YES,NO,YES,YES,YES,NO,PUBLIC,YES,YES,YES,NO,NO,YES,NO,YES,MEDIUM,NO,NO,82,CRITICAL
SYNTH-00030,PUBLIC,NO,YES,YES,YES,YES,YES,YES,PUBLIC,YES,YES,YES,NO,NOT_SURE,NO,YES,YES,LOW,NO,YES,88,CRITICAL
SYNTH-00031,PUBLIC,NO,YES,YES,YES,YES,YES,NO,PUBLIC,SOMETIMES,YES,YES,NO,NO,NO,NO,YES,MEDIUM,NO,NO,86,CRITICAL
SYNTH-00032,FRIENDS_ONLY,NO,NO,YES,NO,NO,YES,NO,FRIENDS,SOMETIMES,SOMETIMES,SOMETIMES,NO,YES,YES,YES,NO,HIGH,YES,NO,27,MODERATE
SYNTH-00033,FRIENDS_ONLY,NO,YES,NO,YES,YES,NO,YES,FRIENDS,NO,SOMETIMES,NO,NO,NOT_SURE,YES,YES,YES,MEDIUM,NO,YES,39,MODERATE
SYNTH-00034,PUBLIC,NO,YES,YES,YES,NO,YES,NO,PRIVATE,SOMETIMES,NO,NO,NO,NO,YES,YES,YES,LOW,YES,NO,51,HIGH
SYNTH-00035,PUBLIC,NO,NO,NO,YES,YES,NO,NO,FRIENDS,SOMETIMES,SOMETIMES,NO,YES,NO,NO,NO,NO,HIGH,YES,YES,41,HIGH
SYNTH-00036,PUBLIC,NO,NO,YES,NO,YES,YES,NO,FRIENDS,SOMETIMES,NO,NO,YES,NO,NO,NO,NO,MEDIUM,NO,NO,50,HIGH
SYNTH-00037,PRIVATE,NO,NO,YES,NO,NO,NO,NO,PRIVATE,NO,NO,SOMETIMES,YES,YES,YES,YES,NO,HIGH,YES,YES,8,LOW
SYNTH-00038,PRIVATE,NO,NO,NO,NO,NO,NO,NO,PRIVATE,NO,NO,NO,YES,YES,YES,YES,NO,HIGH,YES,YES,0,LOW
SYNTH-00039,PRIVATE,NO,NO,NO,NO,NO,NO,NO,PRIVATE,NO,NO,NO,YES,YES,YES,YES,YES,HIGH,YES,YES,3,LOW
SYNTH-00040,FRIENDS_ONLY,NO,NO,NO,NO,NO,NO,NO,PRIVATE,NO,NO,NO,YES,YES,YES,YES,NO,HIGH,YES,YES,3,LOW
SYNTH-00041,FRIENDS_ONLY,NO,NO,YES,YES,YES,NO,YES,FRIENDS,SOMETIMES,SOMETIMES,SOMETIMES,NO,YES,YES,NO,YES,HIGH,YES,YES,39,MODERATE
SYNTH-00042,PUBLIC,NO,NO,YES,YES,YES,YES,YES,PUBLIC,SOMETIMES,NO,NO,NO,NO,NO,YES,NO,LOW,NO,YES,66,HIGH
SYNTH-00043,PRIVATE,NO,NO,NO,NO,YES,YES,YES,FRIENDS,SOMETIMES,NO,YES,NOT_SURE,YES,YES,YES,NO,LOW,NO,YES,38,MODERATE
SYNTH-00044,PUBLIC,YES,YES,YES,YES,YES,YES,YES,PUBLIC,YES,YES,YES,NO,NO,NO,NO,YES,LOW,NO,NO,100,CRITICAL
SYNTH-00045,FRIENDS_ONLY,NO,NO,NO,NO,NO,NO,NO,FRIENDS,NO,NO,NO,YES,NO,YES,YES,NO,MEDIUM,YES,YES,15,LOW
SYNTH-00046,PUBLIC,NO,YES,YES,YES,YES,YES,YES,FRIENDS,YES,YES,SOMETIMES,NO,NO,NO,YES,YES,LOW,NO,NO,82,CRITICAL
SYNTH-00047,PUBLIC,NO,YES,YES,YES,YES,YES,YES,PUBLIC,YES,YES,YES,NO,NO,NO,NO,YES,LOW,NO,NO,96,CRITICAL
SYNTH-00048,PUBLIC,YES,YES,YES,YES,NO,YES,YES,FRIENDS,YES,NO,SOMETIMES,NO,NO,NO,NO,YES,MEDIUM,YES,NO,74,CRITICAL
SYNTH-00049,PUBLIC,YES,YES,YES,YES,YES,YES,YES,PUBLIC,YES,YES,YES,NO,NO,NO,NO,YES,LOW,NO,NO,100,CRITICAL
SYNTH-00050,PUBLIC,YES,YES,YES,YES,YES,NO,YES,PUBLIC,YES,YES,YES,NO,NO,YES,YES,NO,LOW,NO,NO,82,CRITICAL
SYNTH-00051,PRIVATE,NO,NO,NO,NO,YES,NO,NO,PRIVATE,SOMETIMES,NO,NO,YES,YES,YES,YES,NO,HIGH,NO,YES,8,LOW
SYNTH-00052,PRIVATE,NO,NO,YES,NO,NO,NO,NO,FRIENDS,NO,NO,NO,YES,YES,YES,YES,NO,HIGH,YES,YES,5,LOW
SYNTH-00053,FRIENDS_ONLY,NO,YES,NO,NO,NO,YES,NO,FRIENDS,YES,SOMETIMES,SOMETIMES,NOT_SURE,NO,NO,YES,YES,MEDIUM,NO,YES,50,HIGH
SYNTH-00054,PRIVATE,NO,NO,NO,NO,YES,NO,NO,PRIVATE,NO,NO,NO,YES,YES,YES,NO,NO,HIGH,YES,YES,7,LOW
SYNTH-00055,PUBLIC,YES,YES,YES,YES,YES,YES,YES,PUBLIC,YES,YES,YES,NO,NO,NO,NO,YES,LOW,NO,NO,100,CRITICAL
SYNTH-00056,PRIVATE,NO,NO,NO,NO,YES,YES,NO,FRIENDS,NO,NO,NO,YES,YES,YES,YES,NO,MEDIUM,YES,YES,13,LOW
SYNTH-00057,PUBLIC,YES,NO,YES,NO,YES,YES,YES,FRIENDS,YES,YES,YES,YES,NO,YES,NO,NO,MEDIUM,NO,NO,66,HIGH
SYNTH-00058,FRIENDS_ONLY,NO,YES,NO,NO,YES,YES,YES,PUBLIC,YES,NO,SOMETIMES,NO,NO,NO,YES,YES,HIGH,NO,YES,55,HIGH
SYNTH-00059,PUBLIC,NO,NO,YES,NO,YES,NO,YES,PUBLIC,SOMETIMES,SOMETIMES,NO,YES,NO,YES,NO,NO,MEDIUM,NO,YES,46,HIGH
SYNTH-00060,PRIVATE,NO,NO,NO,NO,NO,NO,NO,FRIENDS,SOMETIMES,NO,NO,YES,YES,YES,YES,NO,HIGH,YES,NO,6,LOW
SYNTH-00061,FRIENDS_ONLY,NO,NO,YES,YES,NO,YES,NO,FRIENDS,SOMETIMES,SOMETIMES,SOMETIMES,YES,NO,NO,YES,YES,HIGH,NO,YES,44,HIGH
SYNTH-00062,PUBLIC,YES,NO,NO,YES,YES,YES,YES,PUBLIC,YES,SOMETIMES,SOMETIMES,NO,NO,NO,NO,YES,MEDIUM,NO,NO,81,CRITICAL
SYNTH-00063,FRIENDS_ONLY,NO,YES,NO,NO,NO,YES,NO,FRIENDS,YES,SOMETIMES,NO,NO,NOT_SURE,YES,YES,YES,HIGH,YES,YES,29,MODERATE
SYNTH-00064,FRIENDS_ONLY,NO,NO,NO,NO,NO,NO,NO,PRIVATE,NO,NO,NO,NO,YES,YES,YES,YES,HIGH,YES,YES,11,LOW
SYNTH-00065,FRIENDS_ONLY,NO,NO,NO,NO,NO,NO,NO,PRIVATE,NO,NO,NO,YES,YES,YES,YES,YES,HIGH,YES,YES,6,LOW
SYNTH-00066,PUBLIC,NO,NO,YES,YES,YES,YES,YES,PUBLIC,YES,YES,YES,NO,NO,YES,YES,YES,MEDIUM,NO,NO,76,CRITICAL
SYNTH-00067,PUBLIC,YES,YES,YES,YES,YES,YES,YES,PUBLIC,YES,YES,YES,NO,NO,NO,NO,YES,LOW,NO,NO,100,CRITICAL
SYNTH-00068,PUBLIC,YES,NO,YES,YES,YES,YES,YES,PUBLIC,YES,YES,YES,NO,NO,NO,NO,YES,LOW,NO,NO,97,CRITICAL
SYNTH-00069,FRIENDS_ONLY,NO,YES,YES,NO,NO,NO,NO,PUBLIC,SOMETIMES,NO,NO,NOT_SURE,NO,YES,NO,YES,MEDIUM,NO,YES,41,HIGH
SYNTH-00070,FRIENDS_ONLY,NO,YES,YES,YES,YES,YES,YES,PUBLIC,YES,YES,YES,NO,NO,NO,NO,YES,LOW,NO,NO,89,CRITICAL
SYNTH-00071,FRIENDS_ONLY,NO,NO,YES,YES,NO,YES,YES,FRIENDS,SOMETIMES,NO,NO,YES,YES,YES,NO,YES,MEDIUM,YES,NO,34,MODERATE
SYNTH-00072,FRIENDS_ONLY,YES,YES,YES,YES,YES,YES,NO,PRIVATE,NO,NO,NO,YES,NO,NO,NO,YES,HIGH,NO,NO,49,HIGH
SYNTH-00073,PRIVATE,NO,NO,NO,NO,YES,NO,NO,FRIENDS,NO,NO,NO,YES,YES,YES,NO,NO,HIGH,NO,YES,12,LOW
SYNTH-00074,FRIENDS_ONLY,NO,NO,NO,NO,NO,YES,YES,PRIVATE,NO,SOMETIMES,NO,NO,NOT_SURE,YES,YES,NO,MEDIUM,YES,YES,23,MODERATE
SYNTH-00075,PUBLIC,NO,NO,YES,YES,YES,YES,YES,PUBLIC,YES,YES,SOMETIMES,NO,NO,YES,YES,NO,MEDIUM,NO,NO,68,HIGH
SYNTH-00076,PUBLIC,YES,YES,YES,YES,YES,YES,YES,PUBLIC,YES,YES,YES,NO,NO,NO,NO,YES,LOW,NO,NO,100,CRITICAL
SYNTH-00077,FRIENDS_ONLY,NO,YES,NO,NO,YES,NO,NO,FRIENDS,YES,NO,NO,YES,NOT_SURE,YES,YES,NO,MEDIUM,YES,YES,24,MODERATE
SYNTH-00078,PRIVATE,NO,NO,NO,NO,NO,NO,NO,PRIVATE,NO,NO,SOMETIMES,YES,YES,YES,YES,NO,HIGH,NO,YES,8,LOW
SYNTH-00079,PUBLIC,NO,NO,NO,NO,YES,NO,NO,PUBLIC,SOMETIMES,SOMETIMES,NO,NO,YES,NO,YES,NO,HIGH,NO,NO,42,HIGH
SYNTH-00080,FRIENDS_ONLY,YES,NO,YES,NO,YES,NO,NO,FRIENDS,YES,SOMETIMES,YES,NO,NO,NO,YES,NO,MEDIUM,NO,YES,58,HIGH
SYNTH-00081,PUBLIC,NO,NO,YES,YES,YES,YES,YES,PUBLIC,YES,YES,SOMETIMES,YES,NOT_SURE,NO,YES,YES,MEDIUM,NO,NO,72,CRITICAL
SYNTH-00082,FRIENDS_ONLY,NO,NO,YES,NO,YES,YES,NO,PRIVATE,NO,SOMETIMES,NO,YES,NOT_SURE,NO,NO,YES,LOW,NO,YES,45,HIGH
SYNTH-00083,PRIVATE,NO,NO,NO,NO,NO,NO,NO,PRIVATE,NO,NO,NO,YES,YES,YES,YES,NO,HIGH,NO,YES,3,LOW
SYNTH-00084,PUBLIC,YES,YES,YES,NO,NO,YES,YES,PUBLIC,YES,YES,YES,NO,NO,YES,NO,YES,LOW,NO,NO,84,CRITICAL
SYNTH-00085,PRIVATE,NO,NO,NO,NO,NO,NO,NO,PRIVATE,NO,NO,NO,YES,YES,YES,YES,NO,MEDIUM,YES,YES,5,LOW
SYNTH-00086,FRIENDS_ONLY,NO,YES,NO,NO,NO,YES,YES,FRIENDS,SOMETIMES,SOMETIMES,SOMETIMES,NOT_SURE,YES,NO,YES,YES,MEDIUM,NO,YES,44,HIGH
SYNTH-00087,PUBLIC,YES,YES,YES,YES,YES,YES,YES,PUBLIC,YES,SOMETIMES,YES,YES,NO,NO,YES,YES,LOW,YES,NO,85,CRITICAL
SYNTH-00088,PUBLIC,NO,NO,YES,YES,YES,YES,NO,FRIENDS,SOMETIMES,SOMETIMES,NO,NO,YES,YES,NO,YES,LOW,YES,NO,54,HIGH
SYNTH-00089,PUBLIC,NO,NO,NO,NO,NO,YES,YES,FRIENDS,NO,NO,NO,YES,NO,NO,NO,NO,HIGH,YES,YES,34,MODERATE
SYNTH-00090,PRIVATE,NO,NO,NO,NO,YES,NO,YES,FRIENDS,NO,NO,NO,YES,YES,YES,YES,NO,MEDIUM,NO,YES,15,LOW
SYNTH-00091,PUBLIC,NO,YES,NO,NO,NO,YES,YES,PUBLIC,NO,NO,NO,YES,NO,YES,YES,NO,MEDIUM,NO,NO,40,MODERATE
SYNTH-00092,PUBLIC,NO,YES,YES,YES,NO,YES,YES,PUBLIC,YES,YES,YES,NO,NO,NO,NO,YES,MEDIUM,NO,NO,88,CRITICAL
SYNTH-00093,PRIVATE,NO,YES,YES,NO,NO,YES,YES,FRIENDS,SOMETIMES,SOMETIMES,NO,YES,YES,YES,NO,NO,MEDIUM,YES,YES,26,MODERATE
SYNTH-00094,FRIENDS_ONLY,NO,YES,YES,NO,NO,YES,YES,PUBLIC,YES,YES,SOMETIMES,NOT_SURE,NO,NO,NO,YES,MEDIUM,YES,YES,64,HIGH
SYNTH-00095,PUBLIC,YES,YES,YES,YES,YES,YES,YES,PUBLIC,YES,YES,YES,NO,NO,NO,NO,YES,LOW,NO,NO,100,CRITICAL
SYNTH-00096,PUBLIC,YES,NO,YES,YES,YES,YES,YES,PUBLIC,YES,YES,SOMETIMES,YES,NO,NO,YES,NO,LOW,NO,NO,80,CRITICAL
SYNTH-00097,PUBLIC,YES,YES,YES,YES,NO,YES,NO,FRIENDS,YES,SOMETIMES,SOMETIMES,YES,NO,NO,NO,YES,MEDIUM,NO,NO,72,CRITICAL
SYNTH-00098,PRIVATE,NO,NO,NO,NO,NO,NO,YES,PRIVATE,NO,NO,NO,YES,YES,YES,YES,NO,HIGH,YES,YES,2,LOW
SYNTH-00099,PUBLIC,NO,YES,YES,NO,YES,YES,NO,PUBLIC,SOMETIMES,YES,YES,NO,NOT_SURE,YES,NO,NO,MEDIUM,NO,YES,66,HIGH
SYNTH-00100,PUBLIC,NO,NO,YES,YES,YES,YES,YES,FRIENDS,NO,NO,NO,YES,NO,YES,NO,NO,MEDIUM,YES,NO,44,HIGH
SYNTH-00101,PUBLIC,NO,NO,YES,NO,YES,YES,YES,PRIVATE,SOMETIMES,NO,NO,NO,YES,YES,YES,NO,MEDIUM,YES,NO,35,MODERATE
SYNTH-00102,PRIVATE,NO,NO,NO,NO,NO,NO,NO,FRIENDS,NO,NO,NO,YES,YES,YES,YES,YES,HIGH,NO,NO,10,LOW
SYNTH-00103,PUBLIC,YES,NO,YES,YES,NO,YES,NO,FRIENDS,SOMETIMES,NO,NO,YES,YES,NO,YES,YES,MEDIUM,YES,NO,47,HIGH
SYNTH-00104,FRIENDS_ONLY,NO,NO,YES,NO,YES,YES,YES,PRIVATE,NO,NO,SOMETIMES,YES,NO,YES,NO,NO,HIGH,NO,YES,31,MODERATE
SYNTH-00105,FRIENDS_ONLY,YES,YES,YES,NO,YES,YES,YES,PUBLIC,YES,SOMETIMES,YES,YES,NO,NO,NO,YES,MEDIUM,NO,NO,75,CRITICAL
SYNTH-00106,FRIENDS_ONLY,NO,YES,YES,YES,YES,YES,NO,PRIVATE,SOMETIMES,SOMETIMES,NO,YES,NOT_SURE,YES,NO,YES,MEDIUM,NO,NO,44,HIGH
SYNTH-00107,FRIENDS_ONLY,YES,NO,YES,NO,YES,YES,NO,FRIENDS,SOMETIMES,SOMETIMES,SOMETIMES,NOT_SURE,YES,YES,YES,YES,MEDIUM,YES,NO,40,MODERATE
SYNTH-00108,PUBLIC,NO,YES,YES,YES,YES,YES,YES,FRIENDS,YES,YES,YES,NO,NO,YES,YES,YES,LOW,NO,NO,79,CRITICAL
SYNTH-00109,PUBLIC,NO,NO,NO,NO,NO,YES,YES,FRIENDS,SOMETIMES,SOMETIMES,SOMETIMES,NO,NO,YES,YES,NO,MEDIUM,YES,YES,41,HIGH
SYNTH-00110,FRIENDS_ONLY,NO,NO,NO,NO,YES,YES,YES,PUBLIC,YES,YES,YES,NO,NO,NO,NO,YES,LOW,NO,YES,76,CRITICAL
SYNTH-00111,FRIENDS_ONLY,YES,YES,NO,NO,YES,YES,YES,PUBLIC,SOMETIMES,NO,SOMETIMES,YES,NOT_SURE,NO,YES,YES,MEDIUM,YES,YES,51,HIGH
SYNTH-00112,FRIENDS_ONLY,NO,YES,YES,NO,YES,YES,NO,FRIENDS,SOMETIMES,SOMETIMES,NO,YES,NOT_SURE,YES,NO,YES,LOW,YES,NO,43,HIGH
SYNTH-00113,PUBLIC,YES,YES,YES,YES,YES,YES,YES,PUBLIC,YES,YES,YES,NO,NO,NO,NO,YES,LOW,NO,NO,100,CRITICAL
SYNTH-00114,PRIVATE,NO,NO,NO,NO,NO,NO,YES,FRIENDS,NO,NO,NO,YES,YES,YES,YES,YES,HIGH,YES,YES,7,LOW
SYNTH-00115,PRIVATE,NO,NO,NO,NO,YES,YES,NO,PRIVATE,NO,NO,NO,YES,YES,YES,NO,NO,MEDIUM,YES,YES,15,LOW
SYNTH-00116,FRIENDS_ONLY,NO,YES,YES,NO,YES,YES,NO,FRIENDS,SOMETIMES,SOMETIMES,NO,YES,NO,YES,YES,YES,MEDIUM,NO,YES,37,MODERATE
SYNTH-00117,FRIENDS_ONLY,YES,YES,YES,NO,YES,YES,NO,FRIENDS,NO,YES,YES,YES,NO,NO,YES,YES,LOW,YES,NO,64,HIGH
SYNTH-00118,PUBLIC,YES,NO,YES,YES,YES,NO,YES,PUBLIC,YES,YES,YES,NO,NO,NO,NO,YES,LOW,NO,NO,94,CRITICAL
SYNTH-00119,FRIENDS_ONLY,NO,YES,YES,NO,YES,NO,YES,FRIENDS,SOMETIMES,NO,YES,NO,YES,NO,YES,NO,MEDIUM,YES,NO,48,HIGH
SYNTH-00120,PUBLIC,NO,YES,NO,YES,YES,YES,YES,PUBLIC,YES,SOMETIMES,SOMETIMES,NO,NO,NO,NO,YES,MEDIUM,NO,NO,80,CRITICAL
SYNTH-00121,FRIENDS_ONLY,YES,YES,YES,NO,NO,YES,NO,FRIENDS,SOMETIMES,SOMETIMES,NO,NO,NO,NO,YES,YES,HIGH,NO,YES,46,HIGH
SYNTH-00122,PUBLIC,NO,NO,NO,YES,NO,YES,YES,FRIENDS,SOMETIMES,SOMETIMES,NO,YES,NO,NO,YES,NO,MEDIUM,YES,NO,46,HIGH
SYNTH-00123,FRIENDS_ONLY,NO,NO,YES,NO,YES,YES,YES,PUBLIC,YES,YES,YES,NO,NO,YES,NO,YES,LOW,NO,NO,73,CRITICAL
SYNTH-00124,FRIENDS_ONLY,YES,YES,NO,YES,YES,YES,NO,FRIENDS,SOMETIMES,SOMETIMES,NO,NO,YES,NO,NO,NO,MEDIUM,NO,NO,54,HIGH
SYNTH-00125,PRIVATE,YES,NO,NO,NO,NO,NO,NO,PRIVATE,NO,NO,NO,NO,YES,YES,YES,NO,HIGH,YES,YES,9,LOW
SYNTH-00126,PUBLIC,NO,NO,YES,YES,YES,YES,NO,PUBLIC,YES,YES,SOMETIMES,NO,NO,YES,NO,YES,MEDIUM,NO,NO,73,CRITICAL
SYNTH-00127,PUBLIC,YES,YES,YES,YES,YES,YES,YES,PUBLIC,YES,YES,YES,NO,NO,NO,NO,YES,LOW,NO,NO,100,CRITICAL
SYNTH-00128,PUBLIC,YES,YES,YES,YES,YES,YES,NO,PUBLIC,SOMETIMES,SOMETIMES,YES,NO,NO,YES,NO,YES,MEDIUM,NO,NO,79,CRITICAL
SYNTH-00129,PUBLIC,YES,YES,YES,YES,YES,NO,YES,PUBLIC,YES,YES,YES,NO,NO,NO,YES,YES,LOW,NO,NO,93,CRITICAL
SYNTH-00130,PRIVATE,NO,NO,NO,NO,NO,YES,NO,PRIVATE,NO,NO,NO,YES,NO,YES,YES,NO,HIGH,YES,YES,8,LOW
SYNTH-00131,FRIENDS_ONLY,NO,NO,NO,NO,NO,NO,YES,FRIENDS,SOMETIMES,YES,SOMETIMES,YES,NOT_SURE,YES,NO,YES,HIGH,NO,YES,32,MODERATE
SYNTH-00132,PUBLIC,NO,NO,YES,YES,NO,NO,YES,FRIENDS,NO,NO,SOMETIMES,NO,NO,YES,NO,YES,HIGH,YES,YES,44,HIGH
SYNTH-00133,FRIENDS_ONLY,YES,NO,YES,YES,NO,YES,NO,PUBLIC,NO,SOMETIMES,YES,YES,YES,YES,NO,YES,HIGH,YES,NO,46,HIGH
SYNTH-00134,PUBLIC,NO,YES,NO,NO,YES,YES,YES,FRIENDS,SOMETIMES,SOMETIMES,SOMETIMES,NO,YES,NO,NO,NO,HIGH,YES,NO,51,HIGH
SYNTH-00135,FRIENDS_ONLY,NO,YES,NO,NO,YES,YES,NO,FRIENDS,NO,NO,YES,NOT_SURE,NOT_SURE,YES,NO,NO,MEDIUM,YES,YES,39,MODERATE
SYNTH-00136,PUBLIC,YES,YES,YES,YES,YES,YES,YES,PUBLIC,YES,YES,YES,NO,NO,NO,NO,YES,LOW,NO,NO,100,CRITICAL
SYNTH-00137,PUBLIC,NO,YES,NO,NO,YES,YES,YES,PUBLIC,YES,YES,SOMETIMES,NO,NO,YES,NO,YES,MEDIUM,NO,NO,70,HIGH
SYNTH-00138,PUBLIC,NO,NO,NO,NO,YES,YES,NO,FRIENDS,SOMETIMES,SOMETIMES,NO,YES,YES,NO,YES,NO,HIGH,NO,YES,33,MODERATE
SYNTH-00139,PUBLIC,NO,YES,NO,NO,NO,YES,YES,FRIENDS,NO,SOMETIMES,SOMETIMES,NO,YES,YES,YES,YES,MEDIUM,NO,NO,45,HIGH
SYNTH-00140,FRIENDS_ONLY,NO,NO,NO,NO,NO,YES,NO,FRIENDS,SOMETIMES,SOMETIMES,YES,NOT_SURE,YES,NO,NO,YES,MEDIUM,NO,YES,48,HIGH
SYNTH-00141,FRIENDS_ONLY,NO,NO,YES,YES,YES,YES,YES,FRIENDS,SOMETIMES,SOMETIMES,NO,YES,YES,YES,YES,NO,MEDIUM,YES,NO,32,MODERATE
SYNTH-00142,FRIENDS_ONLY,NO,YES,YES,NO,NO,NO,NO,FRIENDS,SOMETIMES,NO,NO,NOT_SURE,NO,NO,NO,NO,MEDIUM,NO,NO,43,HIGH
SYNTH-00143,FRIENDS_ONLY,NO,NO,NO,NO,YES,YES,YES,FRIENDS,YES,SOMETIMES,SOMETIMES,YES,NOT_SURE,YES,NO,YES,LOW,NO,NO,50,HIGH
SYNTH-00144,PUBLIC,NO,NO,NO,YES,NO,NO,YES,FRIENDS,SOMETIMES,SOMETIMES,NO,YES,YES,NO,YES,YES,MEDIUM,NO,NO,44,HIGH
SYNTH-00145,FRIENDS_ONLY,YES,NO,YES,YES,NO,YES,YES,PUBLIC,YES,YES,YES,YES,NO,NO,NO,NO,LOW,NO,YES,77,CRITICAL
SYNTH-00146,FRIENDS_ONLY,NO,NO,NO,NO,NO,NO,NO,FRIENDS,NO,SOMETIMES,NO,YES,YES,YES,YES,NO,HIGH,NO,YES,10,LOW
SYNTH-00147,PRIVATE,NO,NO,YES,NO,NO,NO,NO,FRIENDS,NO,SOMETIMES,NO,YES,YES,YES,YES,YES,HIGH,NO,YES,13,LOW
SYNTH-00148,PUBLIC,YES,YES,YES,YES,YES,YES,YES,PUBLIC,YES,YES,YES,YES,NO,YES,NO,YES,MEDIUM,NO,NO,82,CRITICAL
SYNTH-00149,FRIENDS_ONLY,YES,NO,YES,YES,YES,YES,NO,PUBLIC,SOMETIMES,YES,YES,NO,NO,NO,YES,YES,LOW,NO,NO,81,CRITICAL
SYNTH-00150,PRIVATE,NO,NO,NO,NO,NO,NO,NO,PRIVATE,NO,NO,NO,YES,YES,NO,YES,NO,HIGH,YES,YES,8,LOW
SYNTH-00151,PUBLIC,NO,YES,YES,YES,YES,YES,YES,PUBLIC,YES,YES,SOMETIMES,NO,NOT_SURE,YES,NO,YES,LOW,NO,YES,79,CRITICAL
SYNTH-00152,PUBLIC,YES,YES,YES,YES,YES,YES,YES,PUBLIC,YES,YES,YES,NO,NO,NO,NO,YES,LOW,NO,NO,100,CRITICAL
SYNTH-00153,FRIENDS_ONLY,YES,NO,YES,NO,YES,YES,NO,PUBLIC,YES,YES,YES,NO,NO,YES,NO,YES,LOW,NO,NO,75,CRITICAL
SYNTH-00154,PUBLIC,YES,YES,YES,YES,YES,YES,YES,PUBLIC,YES,YES,YES,NO,NO,NO,NO,YES,LOW,NO,NO,100,CRITICAL
SYNTH-00155,PRIVATE,NO,NO,NO,NO,YES,NO,NO,PRIVATE,NO,NO,NO,NO,YES,YES,NO,NO,HIGH,YES,YES,12,LOW
SYNTH-00156,FRIENDS_ONLY,NO,YES,YES,NO,YES,YES,NO,FRIENDS,NO,SOMETIMES,SOMETIMES,NOT_SURE,NO,YES,YES,NO,MEDIUM,YES,NO,39,MODERATE
SYNTH-00157,PUBLIC,NO,YES,YES,YES,YES,NO,NO,FRIENDS,SOMETIMES,NO,NO,NO,NO,YES,YES,YES,HIGH,YES,NO,43,HIGH
SYNTH-00158,FRIENDS_ONLY,NO,NO,YES,YES,NO,NO,NO,FRIENDS,NO,SOMETIMES,SOMETIMES,NO,YES,YES,NO,YES,LOW,NO,NO,47,HIGH
SYNTH-00159,FRIENDS_ONLY,NO,YES,NO,NO,YES,NO,NO,FRIENDS,YES,NO,NO,NO,NOT_SURE,YES,NO,NO,MEDIUM,YES,NO,35,MODERATE
SYNTH-00160,FRIENDS_ONLY,NO,NO,NO,NO,NO,NO,YES,PRIVATE,NO,NO,NO,YES,NO,YES,YES,NO,HIGH,YES,YES,10,LOW
SYNTH-00161,PRIVATE,NO,YES,NO,NO,NO,NO,YES,PUBLIC,NO,NO,NO,YES,NO,YES,NO,NO,LOW,YES,YES,31,MODERATE
SYNTH-00162,PRIVATE,NO,NO,NO,NO,NO,NO,YES,FRIENDS,NO,NO,NO,NO,YES,YES,YES,NO,HIGH,YES,NO,11,LOW
SYNTH-00163,PUBLIC,NO,YES,YES,NO,YES,NO,YES,PUBLIC,YES,YES,YES,NO,NO,YES,NO,YES,LOW,NO,NO,80,CRITICAL
SYNTH-00164,FRIENDS_ONLY,NO,NO,NO,NO,YES,NO,NO,PUBLIC,NO,SOMETIMES,NO,NOT_SURE,YES,YES,NO,NO,HIGH,NO,NO,27,MODERATE
SYNTH-00165,FRIENDS_ONLY,NO,NO,YES,NO,NO,YES,YES,PUBLIC,SOMETIMES,SOMETIMES,SOMETIMES,NO,NOT_SURE,NO,NO,NO,MEDIUM,NO,NO,57,HIGH
SYNTH-00166,PUBLIC,NO,YES,YES,YES,NO,YES,YES,PUBLIC,YES,YES,YES,NO,NO,YES,NO,YES,LOW,NO,YES,83,CRITICAL
SYNTH-00167,PUBLIC,NO,NO,YES,NO,NO,NO,NO,PRIVATE,NO,YES,SOMETIMES,NO,NOT_SURE,YES,YES,NO,LOW,YES,YES,41,HIGH
SYNTH-00168,PUBLIC,NO,NO,YES,NO,NO,YES,NO,FRIENDS,NO,NO,SOMETIMES,NO,NO,YES,NO,NO,HIGH,NO,YES,40,MODERATE
SYNTH-00169,FRIENDS_ONLY,NO,NO,NO,YES,YES,YES,NO,PUBLIC,YES,SOMETIMES,YES,NO,NO,NO,NO,YES,MEDIUM,NO,NO,73,CRITICAL
SYNTH-00170,PUBLIC,YES,NO,YES,YES,YES,YES,YES,FRIENDS,YES,SOMETIMES,SOMETIMES,NO,NO,NO,NO,YES,LOW,NO,NO,84,CRITICAL
SYNTH-00171,FRIENDS_ONLY,NO,YES,NO,NO,NO,YES,YES,PUBLIC,SOMETIMES,NO,NO,YES,NOT_SURE,YES,YES,YES,MEDIUM,NO,NO,36,MODERATE
SYNTH-00172,PUBLIC,YES,YES,YES,YES,YES,NO,YES,PUBLIC,SOMETIMES,YES,SOMETIMES,NO,NO,NO,NO,YES,LOW,NO,NO,89,CRITICAL
SYNTH-00173,FRIENDS_ONLY,NO,NO,YES,YES,YES,NO,YES,FRIENDS,SOMETIMES,SOMETIMES,NO,YES,NOT_SURE,YES,NO,YES,LOW,YES,YES,42,HIGH
SYNTH-00174,PRIVATE,NO,NO,NO,NO,NO,NO,NO,PRIVATE,NO,NO,NO,YES,NO,YES,YES,NO,HIGH,NO,NO,10,LOW
SYNTH-00175,PRIVATE,NO,NO,NO,NO,NO,YES,NO,FRIENDS,NO,NO,SOMETIMES,YES,YES,YES,YES,NO,MEDIUM,YES,YES,15,LOW
SYNTH-00176,PRIVATE,NO,NO,NO,NO,YES,YES,YES,FRIENDS,NO,NO,NO,NO,YES,NO,YES,NO,HIGH,YES,YES,23,MODERATE
SYNTH-00177,PRIVATE,YES,NO,NO,NO,YES,NO,NO,PUBLIC,NO,NO,NO,YES,YES,YES,NO,YES,MEDIUM,NO,YES,29,MODERATE
SYNTH-00178,PUBLIC,NO,YES,NO,YES,YES,YES,NO,PUBLIC,SOMETIMES,YES,SOMETIMES,NO,NO,NO,NO,YES,LOW,NO,NO,83,CRITICAL
SYNTH-00179,PUBLIC,YES,YES,NO,YES,YES,YES,YES,PUBLIC,YES,YES,YES,YES,NO,YES,NO,YES,LOW,YES,NO,81,CRITICAL
SYNTH-00180,PUBLIC,NO,NO,NO,NO,NO,NO,NO,PRIVATE,NO,NO,NO,YES,YES,YES,YES,NO,MEDIUM,NO,YES,18,LOW
SYNTH-00181,FRIENDS_ONLY,NO,YES,YES,NO,NO,NO,NO,FRIENDS,NO,NO,NO,NO,YES,YES,NO,YES,MEDIUM,YES,YES,28,MODERATE
SYNTH-00182,FRIENDS_ONLY,NO,YES,NO,YES,YES,YES,NO,FRIENDS,SOMETIMES,YES,SOMETIMES,NO,YES,NO,YES,YES,LOW,YES,YES,57,HIGH
SYNTH-00183,PUBLIC,YES,YES,NO,YES,YES,NO,YES,PUBLIC,YES,YES,YES,YES,NO,NO,YES,YES,LOW,NO,NO,85,CRITICAL
SYNTH-00184,PRIVATE,NO,NO,NO,NO,YES,YES,NO,FRIENDS,NO,NO,SOMETIMES,NO,NOT_SURE,NO,NO,NO,MEDIUM,YES,NO,40,MODERATE
SYNTH-00185,PUBLIC,NO,NO,YES,NO,YES,NO,NO,FRIENDS,SOMETIMES,NO,NO,YES,YES,NO,YES,NO,HIGH,NO,NO,33,MODERATE
SYNTH-00186,PRIVATE,NO,NO,NO,NO,NO,NO,NO,FRIENDS,NO,SOMETIMES,NO,YES,YES,YES,YES,NO,HIGH,YES,YES,4,LOW
SYNTH-00187,PUBLIC,YES,YES,YES,YES,YES,YES,YES,FRIENDS,SOMETIMES,YES,YES,NO,NO,NO,NO,YES,LOW,NO,NO,92,CRITICAL
SYNTH-00188,FRIENDS_ONLY,NO,NO,YES,NO,YES,YES,YES,PUBLIC,YES,SOMETIMES,YES,NO,NO,NO,YES,NO,MEDIUM,YES,NO,63,HIGH
SYNTH-00189,PUBLIC,NO,NO,NO,NO,NO,NO,NO,FRIENDS,SOMETIMES,SOMETIMES,NO,YES,NO,YES,YES,YES,MEDIUM,YES,NO,31,MODERATE
SYNTH-00190,PUBLIC,YES,YES,YES,YES,YES,YES,YES,PUBLIC,YES,YES,YES,NO,NO,NO,NO,YES,LOW,NO,NO,100,CRITICAL
SYNTH-00191,FRIENDS_ONLY,NO,YES,YES,YES,YES,YES,YES,PUBLIC,YES,YES,YES,NO,NO,YES,NO,YES,MEDIUM,NO,NO,76,CRITICAL
SYNTH-00192,FRIENDS_ONLY,NO,NO,NO,NO,NO,NO,YES,FRIENDS,NO,NO,NO,YES,NO,YES,YES,NO,HIGH,YES,YES,12,LOW
SYNTH-00193,PUBLIC,YES,YES,NO,NO,YES,YES,YES,PUBLIC,SOMETIMES,YES,YES,NO,NOT_SURE,NO,NO,YES,LOW,NO,NO,87,CRITICAL
SYNTH-00194,PUBLIC,YES,NO,YES,YES,NO,YES,YES,PUBLIC,YES,YES,YES,YES,NO,NO,NO,YES,MEDIUM,NO,NO,84,CRITICAL
SYNTH-00195,PUBLIC,NO,YES,YES,YES,NO,NO,YES,PUBLIC,YES,YES,YES,NO,NO,NO,NO,YES,MEDIUM,NO,NO,85,CRITICAL
SYNTH-00196,PRIVATE,NO,NO,NO,NO,NO,NO,NO,FRIENDS,SOMETIMES,NO,NO,YES,YES,YES,YES,NO,HIGH,YES,YES,4,LOW
SYNTH-00197,PUBLIC,NO,NO,YES,NO,NO,YES,NO,FRIENDS,SOMETIMES,NO,SOMETIMES,NO,NO,NO,NO,NO,MEDIUM,NO,YES,55,HIGH
SYNTH-00198,PRIVATE,NO,NO,NO,NO,NO,NO,YES,FRIENDS,SOMETIMES,NO,SOMETIMES,YES,YES,YES,YES,NO,HIGH,YES,YES,11,LOW
SYNTH-00199,PUBLIC,NO,YES,YES,YES,YES,YES,YES,PUBLIC,YES,YES,YES,NO,NO,NO,NO,NO,LOW,NO,NO,93,CRITICAL
SYNTH-00200,PUBLIC,NO,NO,YES,NO,YES,NO,YES,PUBLIC,YES,YES,YES,YES,NO,YES,NO,YES,LOW,NO,NO,72,CRITICAL
SYNTH-00201,FRIENDS_ONLY,NO,NO,YES,NO,YES,YES,YES,FRIENDS,SOMETIMES,YES,NO,NO,YES,YES,YES,YES,MEDIUM,YES,NO,38,MODERATE
SYNTH-00202,PRIVATE,NO,NO,NO,NO,NO,NO,NO,FRIENDS,NO,NO,SOMETIMES,NO,YES,YES,YES,YES,HIGH,NO,YES,18,LOW
SYNTH-00203,PUBLIC,NO,NO,YES,NO,NO,NO,YES,PRIVATE,NO,NO,NO,YES,YES,YES,YES,NO,HIGH,YES,YES,15,LOW
SYNTH-00204,FRIENDS_ONLY,NO,YES,NO,YES,NO,YES,YES,FRIENDS,SOMETIMES,SOMETIMES,NO,NO,NO,NO,NO,YES,MEDIUM,NO,YES,55,HIGH
SYNTH-00205,FRIENDS_ONLY,YES,YES,YES,YES,NO,YES,YES,PUBLIC,YES,YES,YES,NO,NO,NO,YES,NO,LOW,NO,NO,83,CRITICAL
SYNTH-00206,PRIVATE,NO,YES,YES,NO,YES,NO,NO,PUBLIC,NO,SOMETIMES,SOMETIMES,YES,YES,YES,NO,YES,MEDIUM,NO,YES,38,MODERATE
SYNTH-00207,PUBLIC,YES,YES,YES,YES,YES,YES,YES,PUBLIC,YES,YES,YES,NO,NO,NO,YES,NO,LOW,NO,NO,93,CRITICAL
SYNTH-00208,PUBLIC,NO,YES,NO,NO,NO,YES,YES,FRIENDS,SOMETIMES,SOMETIMES,SOMETIMES,NO,NO,NO,NO,YES,LOW,NO,NO,69,HIGH
SYNTH-00209,FRIENDS_ONLY,NO,NO,YES,YES,NO,YES,YES,FRIENDS,SOMETIMES,SOMETIMES,SOMETIMES,YES,NO,NO,NO,YES,MEDIUM,NO,NO,57,HIGH
SYNTH-00210,PUBLIC,NO,YES,YES,YES,YES,YES,YES,PUBLIC,SOMETIMES,YES,YES,NO,NO,YES,YES,YES,LOW,NO,NO,81,CRITICAL
SYNTH-00211,FRIENDS_ONLY,YES,YES,YES,YES,YES,YES,YES,PUBLIC,YES,YES,SOMETIMES,YES,NOT_SURE,NO,NO,YES,MEDIUM,NO,NO,76,CRITICAL
SYNTH-00212,FRIENDS_ONLY,NO,YES,NO,NO,YES,NO,YES,FRIENDS,SOMETIMES,YES,SOMETIMES,NOT_SURE,YES,NO,YES,YES,HIGH,YES,NO,41,HIGH
SYNTH-00213,PRIVATE,NO,NO,NO,NO,NO,NO,NO,PRIVATE,NO,SOMETIMES,NO,YES,YES,YES,YES,NO,HIGH,YES,YES,2,LOW
SYNTH-00214,FRIENDS_ONLY,NO,YES,YES,NO,YES,YES,NO,PUBLIC,SOMETIMES,YES,NO,NO,YES,YES,YES,NO,MEDIUM,YES,NO,41,HIGH
SYNTH-00215,FRIENDS_ONLY,NO,NO,NO,NO,NO,YES,NO,PUBLIC,SOMETIMES,SOMETIMES,SOMETIMES,NO,NO,YES,YES,YES,MEDIUM,NO,NO,45,HIGH
SYNTH-00216,PUBLIC,YES,YES,YES,YES,YES,YES,YES,PUBLIC,YES,YES,YES,NO,NO,NO,NO,YES,LOW,NO,NO,100,CRITICAL
SYNTH-00217,FRIENDS_ONLY,NO,NO,NO,NO,NO,NO,NO,PRIVATE,NO,NO,NO,YES,NO,YES,YES,NO,HIGH,YES,YES,8,LOW
SYNTH-00218,PRIVATE,NO,YES,NO,NO,YES,NO,YES,FRIENDS,SOMETIMES,NO,SOMETIMES,NO,NO,NO,NO,YES,MEDIUM,YES,NO,49,HIGH
SYNTH-00219,FRIENDS_ONLY,NO,NO,NO,NO,YES,YES,NO,PRIVATE,NO,NO,NO,YES,YES,YES,YES,NO,HIGH,YES,YES,9,LOW
SYNTH-00220,PRIVATE,NO,NO,NO,NO,NO,YES,YES,PRIVATE,NO,SOMETIMES,NO,YES,NO,YES,YES,NO,HIGH,YES,YES,12,LOW
SYNTH-00221,PUBLIC,YES,NO,NO,NO,YES,NO,YES,PRIVATE,SOMETIMES,SOMETIMES,SOMETIMES,NOT_SURE,YES,YES,NO,NO,HIGH,NO,NO,40,MODERATE
SYNTH-00222,FRIENDS_ONLY,NO,NO,YES,NO,NO,NO,NO,FRIENDS,NO,NO,SOMETIMES,NO,NO,NO,NO,NO,MEDIUM,NO,NO,45,HIGH
SYNTH-00223,PRIVATE,NO,NO,NO,NO,NO,NO,NO,PRIVATE,NO,NO,NO,YES,YES,YES,YES,NO,HIGH,YES,YES,0,LOW
SYNTH-00224,PUBLIC,NO,YES,YES,YES,YES,YES,NO,FRIENDS,YES,SOMETIMES,SOMETIMES,NO,NO,NO,YES,NO,LOW,NO,NO,74,CRITICAL
SYNTH-00225,FRIENDS_ONLY,YES,YES,YES,YES,YES,NO,YES,FRIENDS,YES,SOMETIMES,YES,NO,NO,YES,NO,NO,LOW,NO,NO,71,CRITICAL
SYNTH-00226,PRIVATE,NO,NO,NO,NO,NO,NO,NO,PRIVATE,SOMETIMES,NO,NO,YES,YES,YES,YES,NO,HIGH,NO,YES,5,LOW
SYNTH-00227,FRIENDS_ONLY,NO,YES,YES,YES,NO,YES,YES,FRIENDS,SOMETIMES,SOMETIMES,SOMETIMES,YES,YES,NO,NO,NO,MEDIUM,YES,YES,47,HIGH
SYNTH-00228,PUBLIC,NO,YES,YES,YES,YES,YES,NO,PUBLIC,YES,SOMETIMES,YES,NO,NO,YES,NO,NO,MEDIUM,NO,NO,75,CRITICAL
SYNTH-00229,PUBLIC,NO,NO,NO,YES,NO,NO,NO,FRIENDS,NO,SOMETIMES,SOMETIMES,YES,NOT_SURE,NO,YES,NO,HIGH,NO,NO,40,MODERATE
SYNTH-00230,FRIENDS_ONLY,NO,NO,NO,NO,NO,YES,NO,PUBLIC,SOMETIMES,YES,SOMETIMES,NO,NO,YES,NO,NO,MEDIUM,YES,NO,46,HIGH
SYNTH-00231,PUBLIC,YES,NO,NO,NO,YES,NO,YES,FRIENDS,NO,YES,SOMETIMES,YES,YES,NO,YES,YES,MEDIUM,NO,YES,50,HIGH
SYNTH-00232,PUBLIC,YES,YES,YES,YES,YES,YES,YES,PUBLIC,YES,YES,YES,NO,NO,NO,NO,YES,LOW,NO,NO,100,CRITICAL
SYNTH-00233,PRIVATE,NO,NO,NO,NO,NO,YES,NO,PRIVATE,NO,NO,NO,YES,YES,YES,YES,NO,HIGH,YES,YES,3,LOW
SYNTH-00234,PUBLIC,YES,YES,YES,YES,YES,YES,YES,PUBLIC,YES,YES,YES,NO,NO,NO,NO,YES,LOW,NO,NO,100,CRITICAL
SYNTH-00235,FRIENDS_ONLY,NO,NO,NO,NO,YES,YES,YES,FRIENDS,NO,SOMETIMES,NO,NOT_SURE,NO,NO,YES,YES,HIGH,YES,YES,34,MODERATE
SYNTH-00236,PRIVATE,NO,YES,NO,NO,NO,YES,YES,FRIENDS,NO,NO,YES,YES,NO,YES,YES,YES,HIGH,NO,YES,31,MODERATE
SYNTH-00237,PRIVATE,NO,NO,NO,NO,NO,NO,NO,PRIVATE,NO,NO,NO,YES,YES,YES,NO,NO,HIGH,YES,YES,4,LOW
SYNTH-00238,FRIENDS_ONLY,NO,YES,YES,NO,YES,YES,YES,FRIENDS,YES,SOMETIMES,YES,YES,NOT_SURE,NO,NO,YES,LOW,NO,NO,69,HIGH
SYNTH-00239,FRIENDS_ONLY,YES,YES,YES,YES,NO,NO,YES,PUBLIC,SOMETIMES,SOMETIMES,NO,NO,YES,YES,NO,NO,MEDIUM,NO,YES,48,HIGH
SYNTH-00240,PRIVATE,YES,NO,YES,NO,NO,YES,NO,FRIENDS,YES,NO,YES,YES,NO,YES,NO,YES,MEDIUM,YES,YES,44,HIGH
SYNTH-00241,PRIVATE,NO,NO,NO,NO,YES,NO,YES,PRIVATE,SOMETIMES,NO,NO,YES,YES,YES,YES,NO,HIGH,YES,NO,9,LOW
SYNTH-00242,PUBLIC,YES,YES,NO,NO,YES,NO,YES,FRIENDS,SOMETIMES,SOMETIMES,NO,NO,NOT_SURE,YES,NO,NO,MEDIUM,NO,YES,48,HIGH
SYNTH-00243,PRIVATE,NO,NO,NO,NO,NO,NO,YES,FRIENDS,NO,NO,NO,YES,YES,YES,YES,NO,HIGH,YES,YES,4,LOW
SYNTH-00244,PRIVATE,NO,NO,NO,NO,NO,NO,YES,PUBLIC,SOMETIMES,SOMETIMES,YES,NO,YES,YES,YES,YES,LOW,YES,NO,43,HIGH
SYNTH-00245,FRIENDS_ONLY,YES,NO,YES,NO,NO,YES,YES,FRIENDS,YES,YES,SOMETIMES,NOT_SURE,NOT_SURE,YES,NO,NO,MEDIUM,NO,YES,50,HIGH
SYNTH-00246,PUBLIC,YES,YES,YES,YES,YES,YES,YES,PUBLIC,YES,SOMETIMES,SOMETIMES,NO,NO,YES,NO,NO,MEDIUM,NO,NO,76,CRITICAL
SYNTH-00247,PUBLIC,YES,YES,YES,YES,YES,YES,NO,FRIENDS,SOMETIMES,YES,SOMETIMES,NO,NO,NO,NO,YES,MEDIUM,NO,NO,80,CRITICAL
SYNTH-00248,PUBLIC,NO,YES,YES,YES,NO,YES,YES,PUBLIC,YES,YES,YES,NO,NO,NO,NO,YES,LOW,YES,NO,90,CRITICAL
SYNTH-00249,FRIENDS_ONLY,NO,NO,YES,NO,NO,NO,NO,FRIENDS,NO,SOMETIMES,SOMETIMES,NO,NO,YES,YES,NO,MEDIUM,YES,NO,32,MODERATE
SYNTH-00250,FRIENDS_ONLY,YES,NO,YES,YES,YES,YES,YES,PUBLIC,YES,YES,YES,NO,NO,NO,YES,NO,LOW,NO,NO,83,CRITICAL
SYNTH-00251,PUBLIC,NO,NO,NO,NO,YES,YES,YES,PUBLIC,SOMETIMES,YES,SOMETIMES,NO,NO,YES,NO,YES,HIGH,NO,NO,59,HIGH
SYNTH-00252,PRIVATE,NO,NO,NO,NO,YES,NO,NO,PRIVATE,NO,NO,NO,YES,YES,YES,YES,NO,HIGH,NO,NO,8,LOW
SYNTH-00253,PUBLIC,YES,YES,YES,YES,YES,NO,YES,FRIENDS,YES,YES,YES,NO,NO,YES,NO,YES,LOW,YES,NO,81,CRITICAL
SYNTH-00254,FRIENDS_ONLY,YES,NO,YES,YES,NO,YES,NO,FRIENDS,SOMETIMES,NO,NO,YES,YES,NO,NO,NO,HIGH,YES,YES,34,MODERATE
SYNTH-00255,PUBLIC,NO,NO,YES,NO,NO,YES,YES,FRIENDS,SOMETIMES,SOMETIMES,NO,NO,NOT_SURE,YES,YES,NO,MEDIUM,YES,YES,37,MODERATE
SYNTH-00256,PUBLIC,YES,YES,YES,YES,YES,YES,YES,PUBLIC,YES,YES,YES,NO,NO,NO,NO,YES,LOW,NO,NO,100,CRITICAL
SYNTH-00257,FRIENDS_ONLY,NO,NO,NO,YES,NO,YES,NO,FRIENDS,SOMETIMES,SOMETIMES,NO,YES,YES,NO,YES,YES,MEDIUM,NO,YES,36,MODERATE
SYNTH-00258,PUBLIC,YES,YES,YES,YES,YES,YES,YES,PUBLIC,YES,YES,YES,NO,NO,NO,NO,YES,LOW,NO,NO,100,CRITICAL
SYNTH-00259,PUBLIC,YES,YES,YES,YES,YES,YES,YES,PUBLIC,YES,YES,YES,NO,NO,YES,NO,YES,LOW,NO,NO,92,CRITICAL
SYNTH-00260,FRIENDS_ONLY,NO,NO,YES,NO,NO,YES,YES,PUBLIC,NO,SOMETIMES,SOMETIMES,YES,NO,YES,YES,NO,MEDIUM,NO,NO,40,MODERATE
SYNTH-00261,PUBLIC,YES,YES,NO,YES,YES,YES,YES,PUBLIC,YES,YES,SOMETIMES,NO,NO,NO,NO,NO,LOW,NO,NO,89,CRITICAL
SYNTH-00262,FRIENDS_ONLY,NO,NO,YES,YES,YES,NO,YES,PUBLIC,SOMETIMES,NO,SOMETIMES,NOT_SURE,NO,YES,YES,YES,MEDIUM,NO,NO,51,HIGH
SYNTH-00263,FRIENDS_ONLY,NO,NO,NO,NO,NO,NO,YES,FRIENDS,SOMETIMES,SOMETIMES,NO,YES,NO,YES,YES,NO,MEDIUM,NO,NO,26,MODERATE
SYNTH-00264,PRIVATE,NO,NO,NO,NO,NO,NO,NO,PRIVATE,NO,NO,NO,YES,NO,YES,YES,NO,HIGH,YES,YES,5,LOW
SYNTH-00265,FRIENDS_ONLY,NO,NO,YES,NO,NO,YES,YES,PUBLIC,YES,SOMETIMES,SOMETIMES,NO,NO,YES,YES,NO,HIGH,NO,NO,45,HIGH
SYNTH-00266,PUBLIC,NO,YES,YES,YES,YES,YES,YES,PUBLIC,YES,YES,YES,NO,NO,NO,NO,YES,LOW,NO,NO,96,CRITICAL
SYNTH-00267,FRIENDS_ONLY,NO,NO,NO,NO,NO,NO,NO,PRIVATE,SOMETIMES,NO,NO,YES,YES,YES,YES,YES,HIGH,YES,YES,8,LOW
SYNTH-00268,FRIENDS_ONLY,YES,YES,YES,NO,YES,NO,YES,FRIENDS,NO,YES,SOMETIMES,NOT_SURE,NO,NO,YES,YES,MEDIUM,YES,NO,56,HIGH
SYNTH-00269,PRIVATE,NO,NO,YES,NO,NO,NO,NO,PRIVATE,NO,NO,NO,YES,YES,YES,YES,NO,HIGH,NO,YES,6,LOW
SYNTH-00270,PUBLIC,YES,YES,YES,YES,YES,YES,YES,PUBLIC,YES,YES,YES,NO,NO,NO,NO,YES,LOW,NO,NO,100,CRITICAL
SYNTH-00271,PUBLIC,YES,YES,NO,NO,NO,YES,YES,PUBLIC,YES,SOMETIMES,YES,NO,NO,NO,NO,YES,MEDIUM,NO,NO,81,CRITICAL
SYNTH-00272,FRIENDS_ONLY,NO,NO,YES,NO,NO,YES,NO,FRIENDS,SOMETIMES,YES,NO,NO,NO,YES,NO,YES,HIGH,YES,YES,35,MODERATE
SYNTH-00273,PUBLIC,NO,YES,NO,YES,YES,YES,NO,PUBLIC,YES,YES,SOMETIMES,NO,NO,NO,NO,YES,LOW,NO,NO,86,CRITICAL
SYNTH-00274,PUBLIC,NO,YES,YES,YES,YES,NO,YES,FRIENDS,SOMETIMES,YES,YES,NO,NO,YES,NO,YES,MEDIUM,YES,NO,69,HIGH
SYNTH-00275,PUBLIC,NO,NO,YES,NO,YES,YES,YES,PUBLIC,YES,YES,YES,NO,NOT_SURE,YES,NO,NO,LOW,NO,NO,75,CRITICAL
SYNTH-00276,PRIVATE,NO,NO,NO,NO,NO,NO,YES,FRIENDS,NO,NO,NO,YES,YES,YES,YES,NO,HIGH,YES,NO,6,LOW
SYNTH-00277,PUBLIC,YES,YES,YES,YES,YES,YES,YES,PUBLIC,YES,YES,YES,NO,NO,NO,NO,YES,LOW,NO,NO,100,CRITICAL
SYNTH-00278,PUBLIC,NO,NO,NO,NO,YES,YES,NO,PRIVATE,YES,SOMETIMES,SOMETIMES,YES,YES,YES,NO,NO,HIGH,NO,NO,37,MODERATE
SYNTH-00279,PUBLIC,NO,NO,YES,NO,NO,NO,NO,FRIENDS,SOMETIMES,SOMETIMES,SOMETIMES,YES,NO,NO,NO,NO,LOW,YES,YES,51,HIGH
SYNTH-00280,FRIENDS_ONLY,NO,NO,NO,NO,NO,NO,NO,FRIENDS,NO,NO,NO,YES,YES,YES,YES,NO,HIGH,NO,NO,10,LOW
SYNTH-00281,PUBLIC,NO,NO,YES,YES,YES,YES,YES,PUBLIC,SOMETIMES,YES,SOMETIMES,NO,NO,NO,NO,YES,MEDIUM,YES,NO,77,CRITICAL
SYNTH-00282,FRIENDS_ONLY,NO,YES,YES,NO,YES,NO,YES,PRIVATE,NO,NO,YES,NO,NO,NO,NO,NO,MEDIUM,NO,YES,54,HIGH
SYNTH-00283,PUBLIC,YES,YES,YES,YES,YES,YES,YES,FRIENDS,YES,YES,SOMETIMES,NO,NO,NO,YES,NO,MEDIUM,NO,NO,78,CRITICAL
SYNTH-00284,PUBLIC,NO,NO,YES,YES,NO,YES,YES,PUBLIC,YES,SOMETIMES,YES,NO,NO,NO,NO,YES,MEDIUM,YES,NO,79,CRITICAL
SYNTH-00285,PRIVATE,NO,NO,NO,NO,NO,YES,NO,PRIVATE,SOMETIMES,NO,NO,YES,YES,NO,YES,NO,HIGH,NO,YES,16,LOW
SYNTH-00286,PUBLIC,NO,YES,YES,NO,YES,YES,YES,PUBLIC,YES,YES,YES,NO,NO,NO,NO,NO,LOW,NO,NO,88,CRITICAL
SYNTH-00287,FRIENDS_ONLY,YES,YES,YES,NO,YES,YES,YES,FRIENDS,SOMETIMES,NO,NO,NO,NO,YES,YES,YES,MEDIUM,YES,YES,43,HIGH
SYNTH-00288,PUBLIC,NO,NO,NO,NO,YES,YES,YES,FRIENDS,SOMETIMES,SOMETIMES,NO,NOT_SURE,YES,NO,YES,YES,MEDIUM,NO,NO,48,HIGH
SYNTH-00289,PRIVATE,NO,NO,NO,NO,NO,NO,NO,PRIVATE,NO,NO,NO,YES,YES,NO,YES,NO,HIGH,YES,YES,8,LOW
SYNTH-00290,PUBLIC,YES,YES,YES,YES,YES,NO,YES,PUBLIC,YES,YES,SOMETIMES,NO,NO,NO,NO,NO,LOW,NO,NO,89,CRITICAL
SYNTH-00291,PRIVATE,NO,NO,NO,NO,NO,NO,YES,PRIVATE,NO,NO,NO,YES,YES,YES,YES,NO,HIGH,NO,YES,5,LOW
SYNTH-00292,PUBLIC,YES,YES,YES,NO,YES,YES,NO,PUBLIC,YES,YES,YES,NO,NO,NO,NO,NO,MEDIUM,NO,NO,85,CRITICAL
SYNTH-00293,FRIENDS_ONLY,NO,YES,YES,YES,YES,YES,NO,FRIENDS,SOMETIMES,NO,NO,NO,NO,YES,YES,NO,LOW,NO,NO,49,HIGH
SYNTH-00294,FRIENDS_ONLY,NO,YES,YES,NO,YES,NO,YES,PUBLIC,YES,SOMETIMES,NO,YES,NO,NO,NO,YES,LOW,NO,NO,63,HIGH
SYNTH-00295,FRIENDS_ONLY,NO,NO,YES,NO,NO,YES,YES,FRIENDS,YES,NO,NO,YES,NO,NO,YES,YES,HIGH,NO,YES,37,MODERATE
SYNTH-00296,PUBLIC,NO,NO,NO,NO,NO,NO,NO,PRIVATE,NO,NO,NO,YES,YES,YES,YES,NO,HIGH,NO,YES,13,LOW
SYNTH-00297,PUBLIC,NO,YES,YES,YES,YES,YES,NO,PUBLIC,YES,SOMETIMES,YES,NO,NO,YES,YES,YES,LOW,NO,NO,79,CRITICAL
SYNTH-00298,FRIENDS_ONLY,NO,NO,NO,NO,YES,YES,NO,FRIENDS,YES,SOMETIMES,YES,NO,NO,YES,NO,YES,HIGH,YES,YES,45,HIGH
SYNTH-00299,FRIENDS_ONLY,YES,NO,NO,YES,YES,YES,YES,FRIENDS,SOMETIMES,SOMETIMES,SOMETIMES,NOT_SURE,YES,YES,NO,NO,HIGH,YES,NO,40,MODERATE
SYNTH-00300,PRIVATE,NO,NO,NO,NO,NO,YES,NO,PRIVATE,NO,NO,NO,YES,YES,YES,YES,NO,HIGH,YES,NO,5,LOW
SYNTH-00301,FRIENDS_ONLY,NO,YES,YES,YES,YES,YES,YES,FRIENDS,YES,YES,YES,NO,NO,NO,YES,YES,MEDIUM,NO,NO,75,CRITICAL
SYNTH-00302,FRIENDS_ONLY,YES,NO,YES,YES,YES,NO,NO,FRIENDS,SOMETIMES,NO,SOMETIMES,NO,NO,YES,NO,NO,LOW,NO,NO,56,HIGH
SYNTH-00303,PUBLIC,NO,YES,YES,YES,YES,NO,YES,PUBLIC,YES,YES,SOMETIMES,NO,NO,NO,NO,NO,LOW,YES,NO,82,CRITICAL
SYNTH-00304,PRIVATE,NO,YES,YES,NO,NO,YES,YES,FRIENDS,NO,NO,NO,YES,NO,YES,NO,YES,HIGH,YES,NO,27,MODERATE
SYNTH-00305,FRIENDS_ONLY,YES,YES,NO,NO,YES,YES,YES,PUBLIC,SOMETIMES,SOMETIMES,NO,YES,NO,YES,NO,YES,HIGH,NO,YES,44,HIGH
SYNTH-00306,PUBLIC,YES,YES,NO,YES,YES,YES,NO,FRIENDS,YES,YES,SOMETIMES,YES,NO,NO,NO,YES,MEDIUM,NO,NO,75,CRITICAL
SYNTH-00307,PUBLIC,NO,YES,YES,NO,YES,YES,YES,FRIENDS,NO,NO,SOMETIMES,NO,NOT_SURE,YES,NO,YES,MEDIUM,NO,YES,54,HIGH
SYNTH-00308,PRIVATE,NO,NO,NO,NO,NO,NO,NO,PRIVATE,NO,NO,NO,NO,YES,YES,YES,NO,HIGH,YES,YES,5,LOW
SYNTH-00309,PUBLIC,NO,NO,NO,NO,NO,YES,NO,FRIENDS,SOMETIMES,SOMETIMES,SOMETIMES,NO,YES,YES,NO,NO,MEDIUM,NO,YES,41,HIGH
SYNTH-00310,FRIENDS_ONLY,YES,YES,NO,NO,YES,YES,YES,FRIENDS,YES,SOMETIMES,SOMETIMES,YES,NOT_SURE,NO,NO,YES,MEDIUM,NO,YES,58,HIGH
SYNTH-00311,PRIVATE,NO,NO,YES,NO,NO,NO,NO,PRIVATE,NO,NO,NO,YES,YES,YES,YES,NO,HIGH,NO,YES,6,LOW
SYNTH-00312,FRIENDS_ONLY,NO,YES,YES,YES,NO,NO,YES,PUBLIC,NO,SOMETIMES,SOMETIMES,YES,NO,NO,YES,NO,MEDIUM,NO,NO,53,HIGH
SYNTH-00313,PUBLIC,NO,YES,YES,YES,YES,YES,YES,FRIENDS,YES,YES,SOMETIMES,YES,NO,NO,YES,YES,LOW,YES,NO,74,CRITICAL
SYNTH-00314,FRIENDS_ONLY,NO,YES,YES,NO,NO,YES,YES,FRIENDS,NO,NO,SOMETIMES,NO,YES,YES,YES,YES,HIGH,NO,NO,34,MODERATE
SYNTH-00315,PUBLIC,YES,YES,NO,YES,YES,YES,NO,PUBLIC,SOMETIMES,NO,SOMETIMES,YES,YES,NO,NO,YES,HIGH,NO,NO,62,HIGH
SYNTH-00316,PRIVATE,NO,NO,NO,NO,YES,YES,NO,FRIENDS,SOMETIMES,SOMETIMES,NO,NOT_SURE,NO,NO,YES,YES,HIGH,NO,NO,36,MODERATE
SYNTH-00317,PUBLIC,YES,YES,YES,YES,YES,YES,YES,PUBLIC,YES,YES,YES,NO,NOT_SURE,YES,NO,YES,LOW,YES,NO,87,CRITICAL
SYNTH-00318,FRIENDS_ONLY,NO,NO,NO,NO,NO,YES,YES,PRIVATE,SOMETIMES,SOMETIMES,SOMETIMES,YES,NO,YES,NO,NO,LOW,NO,YES,39,MODERATE
SYNTH-00319,PRIVATE,NO,NO,YES,NO,NO,YES,NO,FRIENDS,NO,SOMETIMES,NO,YES,NO,YES,NO,NO,HIGH,NO,NO,24,MODERATE
SYNTH-00320,PUBLIC,NO,NO,NO,NO,NO,YES,NO,FRIENDS,NO,NO,NO,YES,YES,YES,YES,NO,HIGH,YES,YES,15,LOW
SYNTH-00321,FRIENDS_ONLY,NO,YES,NO,NO,YES,YES,NO,PRIVATE,NO,SOMETIMES,YES,NO,YES,NO,YES,NO,HIGH,NO,NO,42,HIGH
SYNTH-00322,PRIVATE,NO,NO,NO,NO,NO,YES,NO,PRIVATE,NO,NO,NO,YES,YES,YES,YES,NO,HIGH,YES,YES,3,LOW
SYNTH-00323,PUBLIC,YES,YES,NO,YES,YES,YES,NO,PUBLIC,YES,SOMETIMES,SOMETIMES,NOT_SURE,NO,NO,NO,NO,MEDIUM,NO,YES,75,CRITICAL
SYNTH-00324,FRIENDS_ONLY,NO,NO,NO,NO,NO,NO,NO,PRIVATE,NO,NO,NO,YES,NO,YES,YES,NO,HIGH,YES,YES,8,LOW
SYNTH-00325,FRIENDS_ONLY,NO,NO,YES,YES,YES,YES,NO,PRIVATE,SOMETIMES,SOMETIMES,NO,NOT_SURE,NOT_SURE,NO,YES,NO,HIGH,NO,YES,38,MODERATE
SYNTH-00326,PUBLIC,NO,NO,YES,NO,NO,YES,NO,PRIVATE,SOMETIMES,NO,SOMETIMES,NOT_SURE,NOT_SURE,YES,NO,YES,LOW,NO,NO,51,HIGH
SYNTH-00327,PUBLIC,NO,YES,YES,YES,YES,YES,YES,FRIENDS,YES,YES,YES,NO,NO,NO,NO,YES,LOW,NO,NO,91,CRITICAL
SYNTH-00328,FRIENDS_ONLY,NO,NO,YES,NO,NO,NO,YES,FRIENDS,NO,SOMETIMES,SOMETIMES,NO,NO,YES,YES,NO,LOW,YES,YES,37,MODERATE
SYNTH-00329,PUBLIC,YES,YES,YES,YES,YES,YES,YES,PUBLIC,SOMETIMES,YES,SOMETIMES,NO,NO,NO,YES,YES,LOW,NO,NO,88,CRITICAL
SYNTH-00330,PUBLIC,YES,YES,YES,YES,YES,YES,YES,PUBLIC,YES,YES,YES,NO,NO,NO,NO,YES,LOW,NO,NO,100,CRITICAL
SYNTH-00331,PUBLIC,YES,YES,YES,YES,YES,YES,YES,PUBLIC,YES,YES,YES,NO,NO,NO,NO,YES,LOW,NO,NO,100,CRITICAL
SYNTH-00332,PRIVATE,NO,NO,NO,NO,YES,NO,NO,FRIENDS,NO,NO,NO,YES,YES,YES,YES,NO,HIGH,YES,YES,5,LOW
SYNTH-00333,FRIENDS_ONLY,NO,NO,YES,YES,YES,YES,NO,FRIENDS,SOMETIMES,SOMETIMES,NO,NOT_SURE,NO,NO,YES,YES,MEDIUM,NO,YES,50,HIGH
SYNTH-00334,PUBLIC,YES,YES,YES,NO,NO,YES,YES,PUBLIC,YES,YES,YES,NO,NO,YES,YES,YES,MEDIUM,NO,NO,75,CRITICAL
SYNTH-00335,PUBLIC,YES,YES,YES,YES,YES,YES,YES,PUBLIC,YES,YES,YES,NO,NO,NO,NO,YES,LOW,NO,NO,100,CRITICAL
SYNTH-00336,FRIENDS_ONLY,NO,NO,YES,NO,NO,NO,YES,FRIENDS,SOMETIMES,SOMETIMES,SOMETIMES,NOT_SURE,NOT_SURE,NO,NO,YES,LOW,YES,YES,50,HIGH
SYNTH-00337,FRIENDS_ONLY,NO,YES,YES,NO,NO,YES,YES,PUBLIC,SOMETIMES,SOMETIMES,SOMETIMES,YES,NO,NO,YES,NO,LOW,NO,NO,58,HIGH
SYNTH-00338,PUBLIC,YES,YES,YES,NO,NO,YES,NO,FRIENDS,YES,YES,YES,NO,NO,NO,NO,YES,LOW,YES,NO,82,CRITICAL
SYNTH-00339,FRIENDS_ONLY,NO,YES,YES,YES,YES,YES,YES,FRIENDS,SOMETIMES,YES,YES,NO,NO,NO,YES,YES,LOW,NO,NO,77,CRITICAL
SYNTH-00340,PUBLIC,YES,YES,YES,NO,YES,YES,NO,FRIENDS,YES,YES,YES,YES,NO,NO,YES,YES,MEDIUM,NO,NO,74,CRITICAL
SYNTH-00341,PUBLIC,NO,YES,YES,YES,YES,YES,NO,PUBLIC,YES,YES,YES,NO,NO,NO,NO,YES,LOW,NO,NO,94,CRITICAL
SYNTH-00342,FRIENDS_ONLY,NO,NO,NO,NO,NO,YES,YES,FRIENDS,SOMETIMES,SOMETIMES,YES,NO,NO,YES,NO,NO,MEDIUM,NO,NO,48,HIGH
SYNTH-00343,PRIVATE,NO,NO,YES,NO,NO,NO,NO,FRIENDS,NO,NO,NO,YES,YES,YES,NO,NO,HIGH,YES,YES,9,LOW
SYNTH-00344,PUBLIC,NO,YES,YES,NO,YES,YES,YES,PUBLIC,SOMETIMES,YES,SOMETIMES,YES,NO,NO,NO,YES,LOW,NO,NO,78,CRITICAL
SYNTH-00345,PRIVATE,NO,NO,YES,NO,NO,NO,NO,FRIENDS,SOMETIMES,YES,NO,YES,YES,NO,YES,NO,HIGH,NO,NO,25,MODERATE
SYNTH-00346,FRIENDS_ONLY,YES,YES,NO,NO,YES,YES,YES,FRIENDS,SOMETIMES,NO,NO,YES,NO,NO,NO,NO,HIGH,YES,YES,39,MODERATE
SYNTH-00347,FRIENDS_ONLY,NO,NO,YES,NO,YES,YES,YES,PUBLIC,SOMETIMES,SOMETIMES,SOMETIMES,YES,NOT_SURE,YES,YES,NO,LOW,NO,YES,46,HIGH
SYNTH-00348,PRIVATE,NO,NO,NO,NO,NO,NO,NO,PRIVATE,NO,NO,NO,YES,YES,YES,YES,NO,HIGH,YES,YES,0,LOW
SYNTH-00349,FRIENDS_ONLY,NO,NO,NO,YES,YES,NO,NO,PRIVATE,SOMETIMES,SOMETIMES,SOMETIMES,YES,NOT_SURE,YES,YES,NO,LOW,NO,NO,38,MODERATE
SYNTH-00350,PUBLIC,YES,YES,NO,NO,NO,NO,YES,FRIENDS,SOMETIMES,NO,NO,NO,YES,NO,YES,NO,HIGH,NO,NO,41,HIGH
SYNTH-00351,PUBLIC,NO,NO,NO,YES,YES,YES,YES,FRIENDS,SOMETIMES,SOMETIMES,NO,NO,NO,NO,YES,YES,HIGH,NO,NO,55,HIGH
SYNTH-00352,PUBLIC,YES,YES,YES,NO,YES,YES,YES,PUBLIC,SOMETIMES,YES,YES,YES,NO,NO,NO,YES,LOW,NO,NO,87,CRITICAL
SYNTH-00353,PRIVATE,YES,NO,NO,NO,NO,NO,NO,FRIENDS,NO,NO,NO,YES,NO,YES,YES,NO,HIGH,YES,YES,11,LOW
SYNTH-00354,PUBLIC,NO,YES,YES,NO,YES,YES,YES,PUBLIC,YES,SOMETIMES,YES,NO,NO,NO,NO,YES,LOW,NO,NO,88,CRITICAL
SYNTH-00355,PRIVATE,NO,NO,NO,NO,NO,YES,NO,PRIVATE,NO,NO,SOMETIMES,YES,YES,YES,YES,NO,HIGH,NO,NO,13,LOW
SYNTH-00356,PUBLIC,NO,YES,YES,YES,NO,YES,YES,PRIVATE,NO,YES,NO,NOT_SURE,YES,YES,NO,YES,MEDIUM,YES,YES,46,HIGH
SYNTH-00357,PUBLIC,YES,NO,YES,YES,YES,YES,NO,PUBLIC,YES,SOMETIMES,SOMETIMES,NO,NO,NO,NO,YES,LOW,NO,NO,87,CRITICAL
SYNTH-00358,FRIENDS_ONLY,NO,NO,YES,NO,YES,YES,NO,FRIENDS,NO,SOMETIMES,NO,NOT_SURE,NO,YES,YES,NO,LOW,NO,YES,37,MODERATE
SYNTH-00359,FRIENDS_ONLY,YES,NO,NO,YES,NO,YES,NO,FRIENDS,NO,SOMETIMES,NO,YES,NOT_SURE,NO,YES,NO,MEDIUM,NO,NO,40,MODERATE
SYNTH-00360,PUBLIC,YES,YES,YES,YES,YES,YES,YES,PUBLIC,YES,YES,YES,NO,NO,YES,NO,YES,LOW,NO,NO,92,CRITICAL
SYNTH-00361,PRIVATE,NO,NO,YES,NO,YES,YES,YES,PUBLIC,NO,SOMETIMES,NO,YES,YES,YES,YES,NO,MEDIUM,NO,YES,28,MODERATE
SYNTH-00362,FRIENDS_ONLY,NO,YES,NO,NO,NO,NO,NO,PRIVATE,NO,NO,SOMETIMES,YES,NO,YES,YES,NO,HIGH,YES,NO,18,LOW
SYNTH-00363,PRIVATE,NO,NO,YES,NO,NO,YES,NO,PRIVATE,SOMETIMES,NO,NO,YES,YES,YES,YES,NO,HIGH,YES,YES,8,LOW
SYNTH-00364,FRIENDS_ONLY,NO,NO,NO,YES,YES,YES,YES,FRIENDS,SOMETIMES,YES,SOMETIMES,NOT_SURE,YES,YES,NO,NO,MEDIUM,NO,NO,47,HIGH
SYNTH-00365,FRIENDS_ONLY,NO,NO,YES,NO,YES,YES,YES,FRIENDS,SOMETIMES,SOMETIMES,NO,YES,NOT_SURE,YES,NO,NO,HIGH,YES,NO,29,MODERATE
SYNTH-00366,PUBLIC,NO,NO,NO,NO,YES,NO,NO,FRIENDS,SOMETIMES,NO,SOMETIMES,YES,YES,NO,YES,NO,MEDIUM,NO,YES,38,MODERATE
SYNTH-00367,FRIENDS_ONLY,NO,YES,YES,NO,NO,YES,YES,FRIENDS,SOMETIMES,YES,NO,YES,NOT_SURE,NO,NO,NO,HIGH,YES,NO,40,MODERATE
SYNTH-00368,FRIENDS_ONLY,NO,NO,NO,NO,NO,NO,NO,PRIVATE,NO,SOMETIMES,NO,YES,YES,YES,NO,NO,HIGH,YES,NO,11,LOW
SYNTH-00369,FRIENDS_ONLY,NO,YES,YES,NO,NO,YES,YES,FRIENDS,SOMETIMES,NO,SOMETIMES,NOT_SURE,YES,YES,NO,NO,HIGH,YES,YES,30,MODERATE
SYNTH-00370,PRIVATE,NO,NO,NO,NO,NO,NO,NO,PRIVATE,NO,NO,NO,YES,YES,YES,YES,NO,HIGH,NO,YES,3,LOW
SYNTH-00371,PRIVATE,NO,NO,YES,NO,YES,YES,NO,FRIENDS,SOMETIMES,SOMETIMES,SOMETIMES,YES,NO,YES,YES,NO,LOW,NO,NO,40,MODERATE
SYNTH-00372,PRIVATE,NO,NO,YES,NO,NO,NO,NO,PRIVATE,NO,NO,NO,YES,NO,YES,YES,NO,HIGH,YES,YES,8,LOW
SYNTH-00373,FRIENDS_ONLY,YES,YES,NO,NO,YES,NO,NO,PRIVATE,SOMETIMES,SOMETIMES,NO,YES,YES,YES,YES,YES,MEDIUM,YES,NO,27,MODERATE
SYNTH-00374,PUBLIC,YES,NO,YES,NO,YES,NO,YES,PUBLIC,SOMETIMES,SOMETIMES,SOMETIMES,YES,YES,YES,NO,YES,HIGH,YES,NO,47,HIGH
SYNTH-00375,PUBLIC,NO,YES,YES,YES,NO,YES,YES,PUBLIC,SOMETIMES,YES,NO,YES,NO,YES,YES,YES,HIGH,YES,NO,50,HIGH
SYNTH-00376,PUBLIC,NO,NO,NO,YES,YES,YES,NO,PUBLIC,NO,YES,NO,YES,YES,NO,NO,YES,MEDIUM,NO,YES,56,HIGH
SYNTH-00377,PRIVATE,YES,NO,NO,NO,NO,NO,NO,PRIVATE,NO,NO,NO,YES,YES,YES,NO,NO,HIGH,NO,YES,11,LOW
SYNTH-00378,PUBLIC,NO,NO,YES,YES,YES,YES,YES,FRIENDS,SOMETIMES,YES,YES,YES,NO,NO,NO,NO,LOW,NO,NO,77,CRITICAL
SYNTH-00379,PUBLIC,YES,YES,YES,YES,YES,NO,NO,PUBLIC,YES,SOMETIMES,YES,NO,NO,NO,YES,NO,LOW,NO,NO,85,CRITICAL
SYNTH-00380,PUBLIC,NO,YES,YES,YES,YES,YES,YES,FRIENDS,YES,YES,SOMETIMES,NO,NO,NO,NO,YES,LOW,NO,NO,86,CRITICAL
SYNTH-00381,PUBLIC,YES,YES,YES,YES,YES,NO,YES,PUBLIC,YES,YES,YES,NO,NO,NO,NO,YES,MEDIUM,YES,NO,89,CRITICAL
SYNTH-00382,FRIENDS_ONLY,NO,NO,YES,NO,YES,YES,NO,FRIENDS,SOMETIMES,SOMETIMES,NO,YES,NO,NO,NO,NO,HIGH,YES,NO,37,MODERATE
SYNTH-00383,PRIVATE,NO,NO,NO,NO,NO,NO,NO,PRIVATE,NO,NO,NO,YES,YES,NO,YES,NO,HIGH,YES,YES,8,LOW
SYNTH-00384,PUBLIC,NO,NO,YES,YES,NO,NO,YES,FRIENDS,SOMETIMES,NO,NO,NO,NO,NO,YES,YES,HIGH,YES,NO,47,HIGH
SYNTH-00385,FRIENDS_ONLY,NO,NO,NO,NO,NO,YES,YES,FRIENDS,SOMETIMES,NO,SOMETIMES,NO,YES,YES,YES,NO,LOW,NO,YES,35,MODERATE
SYNTH-00386,PUBLIC,NO,NO,YES,NO,NO,YES,YES,FRIENDS,SOMETIMES,NO,NO,NOT_SURE,NO,YES,NO,YES,HIGH,NO,NO,42,HIGH
SYNTH-00387,PUBLIC,NO,NO,NO,NO,YES,NO,NO,PRIVATE,NO,NO,NO,YES,YES,YES,YES,NO,HIGH,YES,YES,13,LOW
SYNTH-00388,PUBLIC,YES,YES,YES,YES,YES,YES,NO,FRIENDS,SOMETIMES,YES,YES,NO,NO,NO,NO,YES,LOW,NO,NO,90,CRITICAL
SYNTH-00389,PUBLIC,NO,YES,YES,NO,NO,NO,YES,PUBLIC,SOMETIMES,YES,SOMETIMES,NO,NO,NO,YES,NO,MEDIUM,YES,NO,62,HIGH
SYNTH-00390,PUBLIC,YES,YES,YES,YES,YES,YES,YES,PUBLIC,YES,YES,YES,NO,NO,NO,NO,YES,LOW,NO,NO,100,CRITICAL
SYNTH-00391,PUBLIC,NO,YES,YES,YES,YES,NO,NO,PUBLIC,YES,YES,SOMETIMES,NO,NO,YES,NO,YES,MEDIUM,NO,NO,73,CRITICAL
SYNTH-00392,FRIENDS_ONLY,YES,NO,NO,NO,YES,NO,YES,FRIENDS,YES,SOMETIMES,NO,NO,NO,YES,YES,YES,MEDIUM,NO,NO,44,HIGH
SYNTH-00393,PUBLIC,NO,YES,YES,NO,YES,YES,YES,PUBLIC,YES,YES,YES,NO,NO,YES,YES,NO,LOW,NO,NO,76,CRITICAL
SYNTH-00394,FRIENDS_ONLY,YES,NO,YES,NO,NO,YES,NO,PUBLIC,NO,NO,SOMETIMES,YES,NO,YES,YES,NO,MEDIUM,NO,NO,40,MODERATE
SYNTH-00395,PUBLIC,YES,YES,YES,YES,YES,YES,YES,PUBLIC,YES,YES,YES,NO,NO,NO,NO,YES,LOW,NO,NO,100,CRITICAL
SYNTH-00396,PRIVATE,NO,NO,NO,NO,NO,NO,YES,PRIVATE,NO,NO,NO,YES,YES,YES,YES,NO,HIGH,YES,YES,2,LOW
SYNTH-00397,PUBLIC,NO,NO,NO,NO,NO,NO,NO,PRIVATE,NO,NO,NO,YES,YES,YES,YES,NO,HIGH,YES,YES,10,LOW
SYNTH-00398,PUBLIC,YES,YES,YES,YES,YES,YES,YES,PUBLIC,YES,YES,YES,NO,NO,NO,NO,YES,LOW,NO,NO,100,CRITICAL
SYNTH-00399,PRIVATE,NO,NO,NO,NO,NO,YES,NO,FRIENDS,NO,NO,SOMETIMES,YES,YES,YES,YES,NO,HIGH,YES,YES,10,LOW
SYNTH-00400,PRIVATE,NO,YES,NO,NO,NO,NO,YES,PRIVATE,NO,SOMETIMES,NO,NO,YES,YES,YES,YES,MEDIUM,YES,NO,22,MODERATE
SYNTH-00401,PRIVATE,NO,NO,YES,NO,NO,NO,NO,FRIENDS,NO,NO,NO,YES,YES,YES,YES,NO,HIGH,YES,YES,5,LOW
SYNTH-00402,PUBLIC,NO,NO,NO,NO,NO,NO,NO,PRIVATE,SOMETIMES,NO,NO,YES,YES,YES,YES,NO,HIGH,YES,YES,12,LOW
SYNTH-00403,PUBLIC,YES,YES,YES,YES,NO,NO,YES,PUBLIC,SOMETIMES,YES,YES,NOT_SURE,NO,YES,NO,NO,MEDIUM,NO,YES,71,CRITICAL
SYNTH-00404,FRIENDS_ONLY,NO,NO,NO,NO,YES,YES,YES,PUBLIC,NO,NO,YES,NO,NO,YES,NO,NO,HIGH,YES,YES,42,HIGH
SYNTH-00405,FRIENDS_ONLY,NO,YES,YES,NO,YES,NO,YES,FRIENDS,YES,SOMETIMES,NO,NOT_SURE,YES,YES,YES,NO,MEDIUM,NO,YES,34,MODERATE
SYNTH-00406,PUBLIC,NO,YES,YES,YES,NO,YES,YES,PUBLIC,SOMETIMES,YES,YES,NO,NO,NO,NO,NO,MEDIUM,NO,NO,82,CRITICAL
SYNTH-00407,PUBLIC,NO,YES,YES,NO,YES,YES,YES,PUBLIC,SOMETIMES,SOMETIMES,SOMETIMES,NO,NO,NO,NO,YES,LOW,NO,YES,78,CRITICAL
SYNTH-00408,FRIENDS_ONLY,NO,YES,YES,NO,YES,NO,NO,PUBLIC,SOMETIMES,NO,YES,YES,YES,YES,NO,NO,HIGH,YES,NO,37,MODERATE
SYNTH-00409,FRIENDS_ONLY,NO,NO,YES,NO,YES,YES,NO,FRIENDS,SOMETIMES,SOMETIMES,SOMETIMES,NO,YES,NO,NO,YES,HIGH,YES,NO,45,HIGH
SYNTH-00410,FRIENDS_ONLY,NO,YES,YES,YES,YES,YES,YES,PUBLIC,YES,SOMETIMES,YES,YES,NO,YES,NO,YES,LOW,NO,YES,71,CRITICAL
SYNTH-00411,PRIVATE,NO,NO,YES,NO,YES,NO,NO,FRIENDS,SOMETIMES,NO,NO,NO,NO,NO,YES,NO,MEDIUM,YES,NO,35,MODERATE
SYNTH-00412,FRIENDS_ONLY,NO,YES,NO,NO,YES,NO,NO,PUBLIC,SOMETIMES,YES,YES,NO,NO,YES,YES,NO,MEDIUM,NO,NO,53,HIGH
SYNTH-00413,PUBLIC,YES,YES,YES,YES,YES,YES,YES,PUBLIC,YES,YES,YES,NO,NO,NO,YES,NO,MEDIUM,YES,NO,85,CRITICAL
SYNTH-00414,PUBLIC,YES,YES,YES,YES,YES,YES,YES,PUBLIC,YES,YES,YES,NO,NO,NO,NO,YES,LOW,NO,NO,100,CRITICAL
SYNTH-00415,PUBLIC,NO,YES,YES,YES,NO,NO,YES,PUBLIC,YES,YES,YES,NO,NO,NO,NO,NO,MEDIUM,NO,NO,82,CRITICAL
SYNTH-00416,FRIENDS_ONLY,NO,NO,NO,NO,YES,NO,NO,PRIVATE,NO,NO,NO,YES,YES,YES,YES,NO,HIGH,YES,YES,6,LOW
SYNTH-00417,PUBLIC,YES,YES,YES,YES,YES,YES,YES,PUBLIC,YES,YES,YES,NO,NO,NO,NO,YES,LOW,NO,NO,100,CRITICAL
SYNTH-00418,PUBLIC,NO,NO,YES,NO,NO,YES,NO,FRIENDS,SOMETIMES,YES,NO,NO,NOT_SURE,YES,YES,NO,LOW,YES,NO,45,HIGH
SYNTH-00419,FRIENDS_ONLY,NO,YES,YES,NO,NO,YES,YES,PUBLIC,NO,NO,NO,YES,NO,NO,YES,YES,MEDIUM,YES,YES,42,HIGH
SYNTH-00420,PRIVATE,NO,NO,NO,NO,NO,NO,NO,PRIVATE,SOMETIMES,NO,NO,NO,YES,YES,YES,NO,HIGH,YES,NO,9,LOW
SYNTH-00421,PRIVATE,NO,NO,NO,NO,NO,NO,NO,PRIVATE,NO,NO,NO,YES,YES,YES,NO,NO,HIGH,YES,NO,6,LOW
SYNTH-00422,FRIENDS_ONLY,NO,NO,YES,YES,YES,YES,NO,FRIENDS,SOMETIMES,SOMETIMES,YES,NO,NO,NO,YES,NO,MEDIUM,YES,NO,58,HIGH
SYNTH-00423,FRIENDS_ONLY,NO,NO,NO,NO,YES,YES,NO,FRIENDS,SOMETIMES,NO,NO,YES,NO,YES,YES,NO,LOW,NO,YES,31,MODERATE
SYNTH-00424,FRIENDS_ONLY,NO,NO,YES,YES,NO,YES,YES,PUBLIC,NO,SOMETIMES,NO,NO,YES,NO,YES,NO,MEDIUM,NO,YES,46,HIGH
SYNTH-00425,PRIVATE,NO,NO,NO,NO,NO,NO,YES,PRIVATE,SOMETIMES,NO,NO,YES,YES,YES,YES,NO,HIGH,YES,NO,6,LOW
SYNTH-00426,FRIENDS_ONLY,YES,NO,YES,YES,YES,YES,YES,FRIENDS,YES,YES,SOMETIMES,NO,NOT_SURE,YES,YES,YES,MEDIUM,NO,NO,61,HIGH
SYNTH-00427,FRIENDS_ONLY,NO,YES,NO,NO,YES,YES,NO,PRIVATE,SOMETIMES,NO,SOMETIMES,NO,NO,YES,NO,NO,HIGH,YES,YES,33,MODERATE
SYNTH-00428,FRIENDS_ONLY,NO,NO,NO,NO,NO,NO,NO,PRIVATE,NO,SOMETIMES,NO,YES,NO,YES,YES,YES,HIGH,YES,YES,13,LOW
SYNTH-00429,PRIVATE,NO,NO,NO,NO,NO,NO,NO,PRIVATE,NO,NO,NO,YES,YES,YES,YES,YES,MEDIUM,YES,YES,8,LOW
SYNTH-00430,PRIVATE,NO,NO,NO,NO,NO,NO,NO,PRIVATE,NO,NO,NO,YES,YES,YES,YES,NO,HIGH,YES,YES,0,LOW
SYNTH-00431,PUBLIC,YES,YES,YES,YES,YES,YES,YES,PUBLIC,YES,YES,YES,YES,NOT_SURE,NO,NO,YES,LOW,NO,NO,93,CRITICAL
SYNTH-00432,FRIENDS_ONLY,NO,NO,NO,NO,NO,NO,NO,PRIVATE,NO,NO,NO,YES,YES,YES,NO,NO,HIGH,YES,YES,7,LOW
SYNTH-00433,FRIENDS_ONLY,NO,YES,YES,YES,NO,NO,YES,FRIENDS,SOMETIMES,SOMETIMES,SOMETIMES,NO,NO,NO,YES,YES,MEDIUM,NO,NO,58,HIGH
SYNTH-00434,PUBLIC,NO,YES,YES,YES,YES,YES,YES,FRIENDS,SOMETIMES,SOMETIMES,YES,NO,NO,YES,YES,YES,LOW,NO,NO,73,CRITICAL
SYNTH-00435,PUBLIC,NO,YES,YES,NO,YES,YES,YES,FRIENDS,SOMETIMES,SOMETIMES,SOMETIMES,YES,YES,NO,YES,NO,MEDIUM,YES,YES,48,HIGH
SYNTH-00436,FRIENDS_ONLY,NO,NO,NO,YES,YES,NO,YES,PUBLIC,YES,SOMETIMES,NO,YES,YES,NO,NO,NO,MEDIUM,YES,YES,44,HIGH
SYNTH-00437,FRIENDS_ONLY,YES,YES,YES,NO,YES,YES,NO,FRIENDS,SOMETIMES,SOMETIMES,NO,YES,NO,YES,NO,NO,MEDIUM,NO,NO,44,HIGH
SYNTH-00438,FRIENDS_ONLY,NO,YES,NO,YES,YES,NO,YES,PRIVATE,SOMETIMES,SOMETIMES,YES,YES,NO,YES,YES,NO,LOW,NO,YES,48,HIGH
SYNTH-00439,PUBLIC,NO,NO,YES,YES,NO,YES,NO,PUBLIC,SOMETIMES,NO,YES,NO,NO,NO,NO,YES,MEDIUM,NO,YES,73,CRITICAL
SYNTH-00440,PUBLIC,YES,YES,YES,YES,YES,YES,YES,PUBLIC,YES,YES,YES,NO,NO,NO,NO,YES,LOW,NO,NO,100,CRITICAL
SYNTH-00441,PRIVATE,NO,NO,NO,NO,NO,NO,NO,PRIVATE,NO,NO,NO,YES,NO,YES,YES,NO,MEDIUM,YES,YES,10,LOW
SYNTH-00442,PRIVATE,NO,NO,NO,NO,NO,NO,NO,PRIVATE,NO,NO,NO,YES,YES,YES,YES,NO,HIGH,YES,YES,0,LOW
SYNTH-00443,PUBLIC,YES,YES,YES,NO,YES,YES,NO,FRIENDS,SOMETIMES,SOMETIMES,SOMETIMES,NO,NO,YES,NO,YES,MEDIUM,NO,NO,64,HIGH
SYNTH-00444,PRIVATE,NO,NO,YES,NO,NO,NO,NO,PRIVATE,NO,NO,NO,YES,YES,YES,YES,NO,HIGH,YES,YES,3,LOW
SYNTH-00445,PUBLIC,YES,YES,YES,YES,YES,YES,YES,PUBLIC,SOMETIMES,YES,YES,NO,NO,YES,NO,YES,LOW,YES,YES,84,CRITICAL
SYNTH-00446,FRIENDS_ONLY,NO,NO,NO,NO,YES,YES,NO,PRIVATE,NO,NO,NO,YES,YES,YES,YES,NO,HIGH,YES,YES,9,LOW
SYNTH-00447,FRIENDS_ONLY,NO,NO,YES,YES,NO,NO,NO,FRIENDS,SOMETIMES,YES,YES,YES,YES,YES,NO,YES,MEDIUM,NO,NO,47,HIGH
SYNTH-00448,PRIVATE,NO,YES,NO,NO,YES,NO,YES,FRIENDS,NO,NO,NO,YES,NO,YES,YES,NO,HIGH,YES,YES,15,LOW
SYNTH-00449,FRIENDS_ONLY,NO,NO,NO,NO,YES,YES,YES,FRIENDS,YES,YES,YES,NO,NO,NO,NO,YES,MEDIUM,NO,NO,68,HIGH
SYNTH-00450,PUBLIC,NO,YES,YES,YES,YES,YES,NO,FRIENDS,YES,SOMETIMES,YES,NO,NO,NO,NO,YES,MEDIUM,NO,NO,81,CRITICAL
SYNTH-00451,FRIENDS_ONLY,NO,YES,NO,NO,YES,YES,NO,PUBLIC,SOMETIMES,NO,NO,YES,NO,YES,NO,NO,HIGH,NO,YES,33,MODERATE
SYNTH-00452,FRIENDS_ONLY,NO,NO,YES,YES,NO,YES,NO,FRIENDS,YES,YES,SOMETIMES,YES,NOT_SURE,NO,NO,YES,MEDIUM,YES,YES,54,HIGH
SYNTH-00453,PUBLIC,YES,YES,YES,YES,YES,YES,YES,PUBLIC,YES,YES,YES,NO,NO,NO,NO,YES,LOW,NO,NO,100,CRITICAL
SYNTH-00454,FRIENDS_ONLY,NO,NO,NO,NO,NO,YES,NO,PRIVATE,NO,NO,NO,YES,YES,NO,YES,YES,MEDIUM,YES,YES,22,MODERATE
SYNTH-00455,PRIVATE,NO,NO,NO,NO,NO,NO,NO,PRIVATE,NO,NO,NO,NO,YES,YES,NO,NO,HIGH,YES,YES,9,LOW
SYNTH-00456,FRIENDS_ONLY,YES,YES,YES,NO,YES,YES,YES,FRIENDS,SOMETIMES,YES,SOMETIMES,YES,NO,NO,NO,YES,LOW,NO,NO,70,HIGH
SYNTH-00457,PUBLIC,YES,YES,YES,NO,NO,YES,YES,FRIENDS,SOMETIMES,YES,SOMETIMES,NO,NO,YES,NO,YES,MEDIUM,NO,NO,66,HIGH
SYNTH-00458,FRIENDS_ONLY,NO,YES,NO,NO,NO,YES,NO,FRIENDS,SOMETIMES,NO,NO,NOT_SURE,YES,YES,YES,NO,MEDIUM,YES,NO,23,MODERATE
SYNTH-00459,FRIENDS_ONLY,NO,NO,NO,YES,YES,YES,NO,PUBLIC,YES,NO,NO,NO,NO,NO,NO,NO,HIGH,YES,NO,50,HIGH
SYNTH-00460,PUBLIC,NO,YES,YES,YES,YES,YES,YES,PUBLIC,SOMETIMES,SOMETIMES,YES,NO,NO,YES,NO,YES,LOW,NO,YES,80,CRITICAL
SYNTH-00461,PRIVATE,NO,NO,NO,NO,YES,YES,NO,FRIENDS,NO,NO,NO,YES,NO,YES,YES,YES,HIGH,YES,YES,16,LOW
SYNTH-00462,PUBLIC,YES,YES,YES,YES,YES,YES,YES,PUBLIC,YES,YES,YES,NO,NO,NO,NO,YES,LOW,NO,NO,100,CRITICAL
SYNTH-00463,PRIVATE,NO,NO,NO,NO,NO,NO,NO,PRIVATE,NO,NO,NO,YES,YES,NO,YES,NO,HIGH,YES,NO,10,LOW
SYNTH-00464,FRIENDS_ONLY,YES,NO,YES,NO,YES,NO,YES,PRIVATE,YES,NO,SOMETIMES,YES,NO,NO,YES,NO,MEDIUM,NO,NO,48,HIGH
SYNTH-00465,PRIVATE,NO,NO,YES,NO,NO,NO,NO,PRIVATE,NO,NO,NO,YES,YES,YES,YES,YES,MEDIUM,YES,YES,11,LOW
SYNTH-00466,FRIENDS_ONLY,YES,YES,YES,YES,NO,YES,YES,PUBLIC,SOMETIMES,YES,YES,NO,NO,YES,NO,YES,LOW,NO,YES,77,CRITICAL
SYNTH-00467,PUBLIC,NO,YES,YES,YES,YES,YES,YES,PUBLIC,YES,SOMETIMES,YES,YES,NO,YES,NO,YES,LOW,YES,NO,77,CRITICAL
SYNTH-00468,PUBLIC,NO,YES,NO,NO,YES,YES,YES,FRIENDS,YES,YES,YES,NO,NO,YES,NO,NO,LOW,NO,NO,72,CRITICAL
SYNTH-00469,PUBLIC,YES,YES,YES,YES,YES,YES,NO,FRIENDS,YES,SOMETIMES,YES,NO,NO,NO,NO,YES,MEDIUM,NO,NO,85,CRITICAL
SYNTH-00470,FRIENDS_ONLY,YES,NO,YES,YES,YES,YES,YES,PUBLIC,SOMETIMES,YES,YES,YES,NO,NO,YES,YES,MEDIUM,NO,NO,73,CRITICAL
SYNTH-00471,PUBLIC,NO,NO,NO,NO,NO,YES,NO,FRIENDS,NO,NO,NO,YES,YES,YES,YES,NO,HIGH,NO,YES,18,LOW
SYNTH-00472,PUBLIC,NO,NO,NO,NO,YES,NO,YES,FRIENDS,NO,NO,NO,NO,NO,NO,NO,YES,LOW,NO,NO,57,HIGH
SYNTH-00473,FRIENDS_ONLY,NO,NO,NO,NO,NO,NO,NO,PRIVATE,NO,NO,NO,YES,YES,NO,YES,NO,MEDIUM,YES,YES,16,LOW
SYNTH-00474,PRIVATE,NO,NO,NO,NO,NO,NO,NO,PRIVATE,NO,NO,NO,YES,YES,YES,YES,NO,HIGH,YES,YES,0,LOW
SYNTH-00475,PRIVATE,NO,NO,NO,NO,NO,NO,NO,FRIENDS,SOMETIMES,NO,NO,YES,YES,YES,YES,NO,HIGH,NO,YES,7,LOW
SYNTH-00476,PUBLIC,YES,NO,YES,NO,YES,YES,NO,PUBLIC,YES,SOMETIMES,SOMETIMES,YES,YES,YES,NO,YES,MEDIUM,NO,NO,59,HIGH
SYNTH-00477,FRIENDS_ONLY,NO,YES,YES,YES,YES,YES,YES,PUBLIC,YES,YES,SOMETIMES,YES,NO,NO,YES,YES,LOW,NO,NO,75,CRITICAL
SYNTH-00478,FRIENDS_ONLY,YES,YES,YES,YES,YES,YES,YES,PUBLIC,YES,YES,YES,YES,NO,YES,NO,YES,MEDIUM,NO,NO,75,CRITICAL
SYNTH-00479,PUBLIC,YES,YES,YES,YES,YES,YES,YES,PUBLIC,YES,YES,YES,NO,NO,NO,NO,YES,LOW,NO,NO,100,CRITICAL
SYNTH-00480,FRIENDS_ONLY,NO,YES,YES,NO,NO,YES,NO,PUBLIC,SOMETIMES,SOMETIMES,SOMETIMES,YES,NO,NO,NO,NO,MEDIUM,YES,NO,52,HIGH
SYNTH-00481,PRIVATE,NO,NO,NO,NO,NO,NO,NO,PRIVATE,NO,NO,NO,YES,YES,YES,YES,NO,HIGH,YES,YES,0,LOW
SYNTH-00482,PUBLIC,NO,NO,YES,YES,YES,YES,YES,PRIVATE,SOMETIMES,NO,SOMETIMES,YES,NOT_SURE,NO,YES,NO,MEDIUM,NO,NO,54,HIGH
SYNTH-00483,FRIENDS_ONLY,NO,NO,YES,NO,NO,YES,YES,FRIENDS,SOMETIMES,SOMETIMES,SOMETIMES,YES,YES,YES,YES,YES,LOW,NO,YES,38,MODERATE
SYNTH-00484,PUBLIC,YES,YES,YES,YES,YES,YES,YES,PUBLIC,YES,YES,YES,NO,NO,NO,NO,YES,LOW,NO,NO,100,CRITICAL
SYNTH-00485,PUBLIC,YES,YES,YES,YES,YES,YES,YES,PUBLIC,YES,YES,YES,NO,NO,NO,NO,YES,LOW,NO,NO,100,CRITICAL
SYNTH-00486,PUBLIC,YES,NO,YES,NO,YES,YES,YES,PUBLIC,SOMETIMES,SOMETIMES,YES,YES,NO,NO,NO,YES,LOW,NO,YES,79,CRITICAL
SYNTH-00487,FRIENDS_ONLY,NO,NO,NO,NO,NO,NO,NO,FRIENDS,NO,YES,NO,NO,NO,YES,NO,YES,MEDIUM,NO,YES,35,MODERATE
SYNTH-00488,PRIVATE,NO,NO,NO,NO,NO,NO,NO,FRIENDS,NO,NO,NO,YES,YES,YES,YES,NO,HIGH,YES,YES,2,LOW
SYNTH-00489,PRIVATE,NO,YES,YES,NO,NO,YES,NO,FRIENDS,NO,SOMETIMES,SOMETIMES,NOT_SURE,NO,YES,YES,NO,MEDIUM,NO,NO,36,MODERATE
SYNTH-00490,PRIVATE,NO,NO,NO,NO,NO,NO,NO,PRIVATE,NO,NO,NO,YES,NO,NO,YES,YES,HIGH,YES,YES,16,LOW
SYNTH-00491,PUBLIC,NO,YES,YES,YES,YES,YES,YES,PUBLIC,YES,YES,SOMETIMES,NO,NO,NO,NO,YES,MEDIUM,NO,YES,84,CRITICAL
SYNTH-00492,FRIENDS_ONLY,NO,YES,NO,NO,NO,NO,YES,PRIVATE,NO,NO,NO,YES,YES,YES,YES,NO,HIGH,YES,YES,8,LOW
SYNTH-00493,FRIENDS_ONLY,YES,YES,NO,NO,YES,YES,YES,FRIENDS,SOMETIMES,SOMETIMES,SOMETIMES,YES,YES,NO,NO,NO,LOW,NO,NO,56,HIGH
SYNTH-00494,PUBLIC,NO,YES,YES,YES,NO,YES,YES,PUBLIC,YES,YES,YES,YES,NO,NO,NO,YES,LOW,NO,NO,88,CRITICAL
SYNTH-00495,PUBLIC,YES,YES,YES,YES,YES,YES,YES,PUBLIC,YES,YES,YES,NO,NO,NO,NO,YES,LOW,NO,NO,100,CRITICAL
SYNTH-00496,FRIENDS_ONLY,NO,NO,NO,NO,YES,NO,NO,FRIENDS,SOMETIMES,NO,SOMETIMES,NO,NOT_SURE,NO,YES,NO,MEDIUM,YES,NO,38,MODERATE
SYNTH-00497,PUBLIC,NO,NO,NO,NO,NO,YES,YES,FRIENDS,NO,NO,NO,YES,YES,NO,YES,NO,HIGH,YES,YES,25,MODERATE
SYNTH-00498,PUBLIC,NO,YES,YES,NO,YES,NO,YES,PUBLIC,YES,YES,YES,NO,NO,YES,YES,YES,MEDIUM,NO,NO,71,CRITICAL
SYNTH-00499,FRIENDS_ONLY,NO,YES,NO,NO,NO,NO,YES,FRIENDS,SOMETIMES,SOMETIMES,NO,YES,NO,YES,YES,NO,HIGH,NO,NO,24,MODERATE
SYNTH-00500,FRIENDS_ONLY,YES,NO,YES,NO,YES,YES,NO,FRIENDS,SOMETIMES,SOMETIMES,NO,NO,NO,NO,YES,YES,MEDIUM,YES,YES,48,HIGH
SYNTH-00501,FRIENDS_ONLY,YES,NO,YES,NO,NO,NO,YES,FRIENDS,SOMETIMES,NO,NO,NO,NO,YES,YES,NO,MEDIUM,NO,YES,34,MODERATE
SYNTH-00502,PUBLIC,NO,YES,NO,YES,YES,NO,NO,PUBLIC,SOMETIMES,SOMETIMES,SOMETIMES,NO,NO,NO,YES,NO,LOW,NO,NO,70,HIGH
SYNTH-00503,PUBLIC,YES,YES,YES,YES,YES,YES,NO,PUBLIC,YES,SOMETIMES,YES,NO,NO,YES,NO,YES,LOW,NO,NO,87,CRITICAL
SYNTH-00504,PUBLIC,NO,YES,NO,YES,YES,NO,YES,PUBLIC,YES,YES,SOMETIMES,NO,NO,NO,NO,YES,LOW,NO,NO,85,CRITICAL
SYNTH-00505,FRIENDS_ONLY,NO,NO,NO,NO,NO,YES,NO,PUBLIC,NO,SOMETIMES,NO,YES,NO,NO,NO,YES,MEDIUM,YES,YES,40,MODERATE
SYNTH-00506,PUBLIC,YES,YES,YES,YES,YES,YES,YES,PUBLIC,YES,YES,YES,NO,NO,NO,NO,YES,LOW,NO,NO,100,CRITICAL
SYNTH-00507,PUBLIC,NO,YES,YES,YES,YES,YES,NO,PUBLIC,SOMETIMES,SOMETIMES,SOMETIMES,NO,NO,NO,NO,YES,LOW,NO,NO,83,CRITICAL
SYNTH-00508,FRIENDS_ONLY,NO,NO,YES,NO,YES,NO,YES,PRIVATE,NO,NO,NO,YES,YES,YES,YES,NO,HIGH,YES,YES,11,LOW
SYNTH-00509,FRIENDS_ONLY,NO,NO,YES,YES,YES,YES,YES,FRIENDS,NO,YES,SOMETIMES,YES,YES,YES,YES,NO,LOW,YES,NO,43,HIGH
SYNTH-00510,PUBLIC,YES,YES,YES,YES,NO,NO,YES,PUBLIC,SOMETIMES,SOMETIMES,YES,NO,NOT_SURE,YES,NO,YES,MEDIUM,NO,NO,73,CRITICAL
SYNTH-00511,PUBLIC,YES,NO,YES,YES,YES,YES,YES,FRIENDS,SOMETIMES,SOMETIMES,NO,YES,NO,NO,YES,YES,MEDIUM,NO,NO,62,HIGH
SYNTH-00512,PUBLIC,YES,YES,YES,YES,YES,YES,NO,PUBLIC,YES,YES,YES,YES,NO,NO,NO,YES,MEDIUM,NO,NO,88,CRITICAL
SYNTH-00513,FRIENDS_ONLY,YES,NO,YES,NO,NO,YES,YES,FRIENDS,SOMETIMES,NO,NO,NO,NOT_SURE,NO,NO,NO,MEDIUM,YES,YES,44,HIGH
SYNTH-00514,FRIENDS_ONLY,YES,NO,YES,NO,NO,NO,NO,FRIENDS,SOMETIMES,NO,SOMETIMES,NO,NOT_SURE,NO,NO,NO,MEDIUM,YES,YES,44,HIGH
SYNTH-00515,PRIVATE,NO,YES,NO,NO,NO,NO,NO,PRIVATE,NO,NO,NO,YES,YES,YES,YES,NO,HIGH,YES,YES,3,LOW
SYNTH-00516,PUBLIC,YES,YES,YES,YES,YES,NO,YES,PUBLIC,YES,YES,SOMETIMES,YES,NO,YES,NO,NO,MEDIUM,NO,YES,69,HIGH
SYNTH-00517,PUBLIC,YES,YES,YES,YES,YES,YES,YES,PUBLIC,YES,YES,YES,NO,NO,NO,NO,YES,LOW,NO,NO,100,CRITICAL
SYNTH-00518,PUBLIC,YES,NO,YES,NO,YES,YES,YES,FRIENDS,SOMETIMES,YES,YES,NO,NO,YES,YES,NO,LOW,YES,NO,66,HIGH
SYNTH-00519,FRIENDS_ONLY,YES,NO,YES,NO,YES,YES,YES,PUBLIC,SOMETIMES,NO,SOMETIMES,YES,YES,NO,YES,YES,MEDIUM,YES,YES,48,HIGH
SYNTH-00520,FRIENDS_ONLY,YES,YES,YES,YES,YES,YES,YES,PUBLIC,SOMETIMES,SOMETIMES,YES,NO,NOT_SURE,YES,NO,YES,MEDIUM,NO,NO,72,CRITICAL
SYNTH-00521,PUBLIC,YES,YES,NO,YES,YES,YES,NO,PUBLIC,YES,YES,YES,NO,NO,YES,YES,YES,MEDIUM,NO,NO,78,CRITICAL
SYNTH-00522,PRIVATE,NO,NO,NO,NO,NO,YES,NO,FRIENDS,NO,SOMETIMES,NO,YES,YES,NO,YES,YES,HIGH,YES,YES,18,LOW
SYNTH-00523,FRIENDS_ONLY,NO,YES,YES,YES,NO,YES,YES,PUBLIC,YES,YES,YES,NO,NO,NO,YES,YES,LOW,NO,NO,82,CRITICAL
SYNTH-00524,PUBLIC,YES,YES,YES,NO,YES,YES,NO,PUBLIC,YES,YES,YES,NO,NO,YES,YES,YES,MEDIUM,NO,NO,76,CRITICAL
SYNTH-00525,PUBLIC,YES,YES,YES,YES,YES,YES,YES,PUBLIC,YES,YES,YES,NO,NO,NO,NO,YES,LOW,NO,NO,100,CRITICAL
SYNTH-00526,PRIVATE,NO,NO,NO,NO,NO,NO,NO,PRIVATE,NO,NO,NO,YES,YES,YES,YES,NO,HIGH,YES,YES,0,LOW
SYNTH-00527,FRIENDS_ONLY,NO,YES,NO,NO,YES,YES,NO,FRIENDS,YES,NO,NO,YES,NO,YES,NO,YES,MEDIUM,YES,NO,38,MODERATE
SYNTH-00528,FRIENDS_ONLY,NO,YES,NO,YES,YES,YES,YES,FRIENDS,NO,YES,NO,YES,NO,YES,NO,NO,HIGH,NO,NO,40,MODERATE
SYNTH-00529,PUBLIC,NO,YES,YES,NO,YES,YES,NO,FRIENDS,NO,SOMETIMES,NO,NOT_SURE,YES,NO,NO,YES,HIGH,NO,NO,49,HIGH
SYNTH-00530,FRIENDS_ONLY,NO,YES,YES,YES,NO,YES,YES,PRIVATE,SOMETIMES,YES,NO,YES,YES,YES,YES,NO,HIGH,YES,NO,28,MODERATE
SYNTH-00531,FRIENDS_ONLY,NO,NO,YES,NO,YES,NO,NO,FRIENDS,SOMETIMES,NO,NO,NOT_SURE,NO,YES,NO,NO,MEDIUM,NO,NO,35,MODERATE
SYNTH-00532,FRIENDS_ONLY,NO,YES,YES,NO,YES,YES,YES,FRIENDS,SOMETIMES,NO,NO,YES,NOT_SURE,NO,NO,NO,MEDIUM,YES,NO,43,HIGH
SYNTH-00533,FRIENDS_ONLY,NO,NO,NO,NO,NO,YES,NO,PRIVATE,NO,NO,NO,YES,YES,YES,YES,NO,MEDIUM,YES,YES,11,LOW
SYNTH-00534,FRIENDS_ONLY,NO,NO,YES,NO,YES,NO,YES,FRIENDS,YES,NO,SOMETIMES,NO,YES,NO,YES,NO,MEDIUM,NO,NO,46,HIGH
SYNTH-00535,PUBLIC,YES,YES,YES,YES,YES,YES,YES,PUBLIC,YES,YES,YES,NO,NO,NO,NO,YES,LOW,NO,NO,100,CRITICAL
SYNTH-00536,PUBLIC,NO,YES,YES,YES,YES,YES,YES,PUBLIC,YES,SOMETIMES,SOMETIMES,NO,NO,YES,NO,YES,MEDIUM,NO,NO,75,CRITICAL
SYNTH-00537,PUBLIC,NO,YES,NO,YES,YES,YES,NO,FRIENDS,SOMETIMES,SOMETIMES,SOMETIMES,NOT_SURE,YES,YES,NO,YES,HIGH,NO,NO,50,HIGH
SYNTH-00538,FRIENDS_ONLY,NO,NO,YES,NO,YES,YES,NO,FRIENDS,SOMETIMES,NO,NO,NO,NO,NO,YES,YES,MEDIUM,NO,NO,47,HIGH
SYNTH-00539,PUBLIC,YES,YES,YES,YES,YES,YES,YES,PUBLIC,YES,YES,YES,NO,NO,NO,NO,YES,LOW,NO,NO,100,CRITICAL
SYNTH-00540,PUBLIC,NO,NO,NO,NO,YES,NO,NO,FRIENDS,YES,NO,SOMETIMES,NO,NO,NO,NO,YES,HIGH,YES,YES,50,HIGH
SYNTH-00541,PUBLIC,NO,NO,NO,YES,YES,YES,NO,PUBLIC,YES,SOMETIMES,SOMETIMES,NO,NOT_SURE,YES,YES,NO,MEDIUM,NO,NO,58,HIGH
SYNTH-00542,PRIVATE,NO,NO,NO,NO,YES,NO,NO,FRIENDS,NO,NO,NO,NO,YES,YES,YES,YES,HIGH,YES,YES,13,LOW
SYNTH-00543,PUBLIC,NO,YES,YES,YES,YES,NO,YES,PUBLIC,SOMETIMES,YES,YES,NO,NOT_SURE,NO,NO,YES,LOW,NO,NO,88,CRITICAL
SYNTH-00544,PRIVATE,NO,NO,NO,NO,NO,NO,NO,FRIENDS,NO,NO,NO,YES,YES,YES,NO,NO,HIGH,YES,YES,6,LOW
SYNTH-00545,PRIVATE,NO,NO,NO,NO,NO,NO,NO,PRIVATE,NO,NO,NO,YES,NO,YES,YES,NO,HIGH,YES,YES,5,LOW
SYNTH-00546,PUBLIC,NO,NO,YES,YES,NO,YES,NO,PUBLIC,SOMETIMES,NO,SOMETIMES,YES,NOT_SURE,YES,YES,YES,HIGH,NO,YES,44,HIGH
SYNTH-00547,FRIENDS_ONLY,NO,NO,NO,NO,YES,YES,YES,FRIENDS,NO,SOMETIMES,NO,YES,YES,NO,NO,YES,MEDIUM,YES,YES,35,MODERATE
SYNTH-00548,FRIENDS_ONLY,NO,YES,YES,NO,YES,YES,NO,PUBLIC,YES,SOMETIMES,YES,NO,NO,YES,NO,NO,MEDIUM,NO,NO,63,HIGH
SYNTH-00549,PRIVATE,NO,NO,YES,NO,NO,YES,NO,FRIENDS,SOMETIMES,NO,SOMETIMES,YES,YES,YES,YES,YES,HIGH,NO,YES,21,MODERATE
SYNTH-00550,PUBLIC,NO,YES,YES,NO,YES,YES,NO,PUBLIC,YES,SOMETIMES,NO,YES,NO,NO,YES,NO,MEDIUM,NO,NO,59,HIGH
SYNTH-00551,PUBLIC,YES,NO,YES,YES,YES,YES,YES,PUBLIC,YES,YES,YES,NO,NO,NO,NO,YES,LOW,NO,NO,97,CRITICAL
SYNTH-00552,PUBLIC,NO,YES,NO,YES,YES,YES,YES,PUBLIC,YES,YES,YES,NO,NO,NO,YES,YES,LOW,YES,NO,86,CRITICAL
SYNTH-00553,PRIVATE,NO,NO,NO,YES,NO,NO,YES,PRIVATE,NO,NO,NO,YES,YES,YES,YES,NO,HIGH,YES,YES,7,LOW
SYNTH-00554,FRIENDS_ONLY,NO,NO,YES,NO,YES,YES,NO,PUBLIC,YES,SOMETIMES,YES,YES,NOT_SURE,NO,NO,NO,LOW,YES,NO,63,HIGH
SYNTH-00555,PUBLIC,YES,YES,YES,YES,YES,YES,YES,PUBLIC,YES,SOMETIMES,YES,NO,NO,YES,NO,YES,MEDIUM,NO,YES,82,CRITICAL
SYNTH-00556,FRIENDS_ONLY,NO,YES,YES,YES,YES,YES,YES,PUBLIC,SOMETIMES,SOMETIMES,YES,YES,NO,NO,NO,YES,MEDIUM,NO,YES,71,CRITICAL
SYNTH-00557,PUBLIC,YES,YES,YES,NO,YES,NO,NO,PUBLIC,SOMETIMES,SOMETIMES,YES,YES,NO,NO,YES,YES,LOW,NO,NO,75,CRITICAL
SYNTH-00558,FRIENDS_ONLY,NO,NO,YES,NO,NO,YES,NO,FRIENDS,SOMETIMES,NO,SOMETIMES,NO,YES,YES,NO,NO,HIGH,YES,NO,29,MODERATE
SYNTH-00559,PUBLIC,YES,NO,NO,YES,YES,NO,YES,PUBLIC,YES,YES,SOMETIMES,NO,NO,NO,YES,YES,MEDIUM,NO,YES,75,CRITICAL
SYNTH-00560,PUBLIC,YES,YES,YES,YES,YES,YES,YES,PUBLIC,YES,YES,YES,NO,NO,NO,NO,YES,LOW,NO,NO,100,CRITICAL
SYNTH-00561,FRIENDS_ONLY,NO,YES,YES,NO,YES,YES,NO,PUBLIC,SOMETIMES,SOMETIMES,SOMETIMES,NO,NO,NO,NO,NO,LOW,NO,NO,68,HIGH
SYNTH-00562,FRIENDS_ONLY,NO,NO,YES,YES,YES,YES,YES,FRIENDS,YES,YES,SOMETIMES,NO,NO,NO,NO,YES,LOW,NO,YES,74,CRITICAL
SYNTH-00563,PRIVATE,NO,NO,YES,NO,NO,YES,NO,PRIVATE,NO,NO,NO,YES,YES,YES,YES,NO,HIGH,YES,YES,6,LOW
SYNTH-00564,PUBLIC,NO,YES,NO,YES,YES,YES,YES,PUBLIC,YES,SOMETIMES,YES,NO,NO,YES,NO,YES,MEDIUM,NO,NO,77,CRITICAL
SYNTH-00565,PUBLIC,NO,NO,NO,YES,NO,YES,NO,PUBLIC,SOMETIMES,SOMETIMES,SOMETIMES,NO,NO,NO,YES,YES,HIGH,YES,NO,57,HIGH
SYNTH-00566,PRIVATE,NO,NO,NO,YES,NO,NO,NO,PRIVATE,NO,NO,NO,YES,YES,YES,YES,NO,HIGH,YES,YES,5,LOW
SYNTH-00567,FRIENDS_ONLY,NO,NO,YES,NO,YES,YES,YES,FRIENDS,SOMETIMES,YES,NO,YES,NOT_SURE,NO,YES,YES,MEDIUM,NO,NO,47,HIGH
SYNTH-00568,PRIVATE,NO,YES,NO,YES,YES,YES,NO,FRIENDS,SOMETIMES,SOMETIMES,NO,NO,NO,YES,NO,YES,MEDIUM,NO,YES,45,HIGH
SYNTH-00569,FRIENDS_ONLY,NO,NO,YES,YES,YES,YES,YES,FRIENDS,SOMETIMES,SOMETIMES,SOMETIMES,YES,NOT_SURE,NO,NO,YES,LOW,NO,YES,61,HIGH
SYNTH-00570,PUBLIC,NO,YES,YES,YES,YES,YES,YES,FRIENDS,SOMETIMES,YES,YES,NO,NO,YES,NO,YES,LOW,NO,NO,80,CRITICAL
SYNTH-00571,PUBLIC,NO,YES,YES,YES,YES,YES,YES,FRIENDS,YES,SOMETIMES,SOMETIMES,NO,NO,YES,YES,NO,MEDIUM,YES,NO,60,HIGH
SYNTH-00572,FRIENDS_ONLY,YES,YES,YES,YES,YES,NO,YES,PUBLIC,YES,YES,YES,YES,NO,NO,YES,NO,LOW,NO,NO,78,CRITICAL
SYNTH-00573,FRIENDS_ONLY,NO,NO,NO,YES,NO,YES,NO,FRIENDS,SOMETIMES,SOMETIMES,SOMETIMES,NOT_SURE,NO,NO,NO,NO,MEDIUM,YES,NO,49,HIGH
SYNTH-00574,PUBLIC,YES,YES,YES,NO,NO,NO,YES,PUBLIC,SOMETIMES,SOMETIMES,NO,YES,YES,YES,YES,YES,LOW,YES,YES,46,HIGH
SYNTH-00575,FRIENDS_ONLY,NO,NO,YES,NO,YES,YES,YES,FRIENDS,SOMETIMES,NO,SOMETIMES,NO,NO,NO,YES,NO,LOW,NO,YES,54,HIGH
SYNTH-00576,FRIENDS_ONLY,NO,NO,YES,NO,YES,NO,NO,FRIENDS,SOMETIMES,SOMETIMES,SOMETIMES,NO,NOT_SURE,NO,NO,NO,LOW,NO,NO,55,HIGH
SYNTH-00577,PUBLIC,YES,YES,YES,YES,YES,YES,YES,PUBLIC,YES,YES,YES,NO,NO,YES,NO,YES,LOW,NO,NO,92,CRITICAL
SYNTH-00578,PUBLIC,YES,YES,YES,YES,YES,YES,YES,PUBLIC,YES,YES,YES,NO,NO,NO,NO,YES,LOW,NO,NO,100,CRITICAL
SYNTH-00579,PRIVATE,NO,NO,NO,NO,YES,NO,NO,PRIVATE,NO,NO,NO,YES,NO,YES,YES,NO,HIGH,YES,YES,8,LOW
SYNTH-00580,PUBLIC,NO,NO,YES,YES,NO,NO,YES,PUBLIC,SOMETIMES,SOMETIMES,SOMETIMES,YES,NOT_SURE,NO,YES,YES,HIGH,NO,YES,53,HIGH
SYNTH-00581,FRIENDS_ONLY,NO,YES,YES,NO,YES,YES,YES,PUBLIC,SOMETIMES,SOMETIMES,SOMETIMES,YES,NO,YES,NO,YES,HIGH,NO,NO,50,HIGH
SYNTH-00582,PUBLIC,NO,YES,NO,NO,YES,NO,NO,FRIENDS,NO,SOMETIMES,NO,NO,NOT_SURE,YES,NO,YES,MEDIUM,NO,YES,43,HIGH
SYNTH-00583,FRIENDS_ONLY,NO,NO,NO,NO,NO,YES,NO,PRIVATE,SOMETIMES,SOMETIMES,SOMETIMES,YES,YES,NO,NO,YES,MEDIUM,YES,YES,35,MODERATE
SYNTH-00584,FRIENDS_ONLY,YES,YES,YES,NO,YES,YES,NO,PUBLIC,SOMETIMES,YES,YES,NO,NO,NO,YES,YES,MEDIUM,NO,NO,74,CRITICAL
SYNTH-00585,PUBLIC,NO,YES,YES,NO,YES,YES,NO,FRIENDS,YES,SOMETIMES,YES,NO,NOT_SURE,YES,NO,YES,LOW,NO,NO,71,CRITICAL
SYNTH-00586,PUBLIC,NO,YES,NO,YES,YES,NO,YES,FRIENDS,NO,YES,SOMETIMES,NOT_SURE,YES,YES,NO,NO,MEDIUM,NO,YES,50,HIGH
SYNTH-00587,FRIENDS_ONLY,NO,NO,YES,NO,NO,YES,NO,FRIENDS,NO,SOMETIMES,SOMETIMES,NOT_SURE,NOT_SURE,YES,YES,NO,MEDIUM,NO,NO,34,MODERATE
SYNTH-00588,FRIENDS_ONLY,NO,NO,YES,NO,NO,YES,YES,FRIENDS,SOMETIMES,SOMETIMES,NO,YES,NO,NO,NO,YES,MEDIUM,YES,YES,42,HIGH
SYNTH-00589,PUBLIC,NO,YES,YES,YES,YES,YES,YES,PUBLIC,YES,YES,YES,YES,NO,NO,NO,YES,LOW,NO,NO,91,CRITICAL
SYNTH-00590,PUBLIC,YES,YES,YES,YES,YES,NO,YES,PUBLIC,YES,YES,YES,NO,NO,YES,NO,NO,MEDIUM,NO,NO,81,CRITICAL
SYNTH-00591,PRIVATE,NO,NO,NO,NO,NO,YES,NO,PRIVATE,NO,NO,NO,YES,YES,YES,YES,NO,HIGH,YES,NO,5,LOW
SYNTH-00592,PRIVATE,NO,NO,NO,NO,NO,NO,NO,FRIENDS,NO,NO,NO,YES,YES,YES,NO,NO,MEDIUM,YES,YES,11,LOW
SYNTH-00593,PRIVATE,NO,NO,YES,YES,YES,YES,NO,PUBLIC,NO,SOMETIMES,NO,YES,NO,YES,YES,NO,MEDIUM,NO,YES,36,MODERATE
SYNTH-00594,FRIENDS_ONLY,NO,YES,YES,NO,YES,YES,YES,FRIENDS,NO,NO,YES,NO,YES,NO,NO,YES,LOW,YES,YES,59,HIGH
SYNTH-00595,PUBLIC,NO,YES,YES,YES,YES,YES,NO,PUBLIC,YES,YES,YES,NO,NO,YES,NO,NO,LOW,YES,NO,80,CRITICAL
SYNTH-00596,FRIENDS_ONLY,NO,NO,NO,NO,YES,YES,YES,FRIENDS,YES,YES,SOMETIMES,NO,NO,YES,YES,NO,HIGH,YES,NO,40,MODERATE
SYNTH-00597,PUBLIC,YES,YES,YES,YES,YES,YES,YES,PUBLIC,YES,YES,YES,NO,NO,NO,NO,YES,LOW,NO,NO,100,CRITICAL
SYNTH-00598,FRIENDS_ONLY,NO,YES,NO,NO,NO,YES,NO,FRIENDS,SOMETIMES,YES,SOMETIMES,NO,NO,YES,NO,NO,MEDIUM,NO,NO,47,HIGH
SYNTH-00599,PRIVATE,NO,NO,NO,NO,NO,YES,NO,FRIENDS,NO,NO,NO,YES,YES,YES,YES,NO,HIGH,NO,YES,8,LOW
SYNTH-00600,FRIENDS_ONLY,NO,NO,NO,NO,NO,NO,NO,PRIVATE,NO,NO,NO,YES,YES,YES,YES,NO,HIGH,NO,YES,6,LOW
SYNTH-00601,FRIENDS_ONLY,NO,NO,YES,YES,YES,YES,YES,FRIENDS,SOMETIMES,SOMETIMES,SOMETIMES,NOT_SURE,NOT_SURE,NO,NO,YES,LOW,NO,NO,66,HIGH
SYNTH-00602,FRIENDS_ONLY,NO,NO,NO,NO,YES,NO,YES,FRIENDS,YES,YES,SOMETIMES,YES,YES,YES,YES,YES,LOW,NO,YES,41,HIGH
SYNTH-00603,PRIVATE,NO,NO,NO,NO,NO,NO,NO,PRIVATE,NO,NO,NO,YES,YES,YES,YES,NO,HIGH,NO,YES,3,LOW
SYNTH-00604,FRIENDS_ONLY,NO,NO,YES,NO,NO,YES,NO,FRIENDS,NO,NO,NO,YES,YES,YES,YES,NO,HIGH,YES,YES,11,LOW
SYNTH-00605,PRIVATE,YES,NO,NO,YES,NO,NO,NO,FRIENDS,NO,SOMETIMES,SOMETIMES,NO,NO,YES,NO,NO,HIGH,NO,NO,37,MODERATE
SYNTH-00606,FRIENDS_ONLY,YES,YES,YES,NO,NO,YES,NO,PUBLIC,SOMETIMES,NO,NO,NO,NO,YES,YES,YES,HIGH,YES,NO,40,MODERATE
SYNTH-00607,PRIVATE,NO,NO,NO,NO,NO,NO,NO,FRIENDS,NO,NO,NO,YES,YES,YES,YES,NO,MEDIUM,YES,YES,7,LOW
SYNTH-00608,FRIENDS_ONLY,NO,NO,YES,NO,NO,YES,YES,FRIENDS,SOMETIMES,SOMETIMES,NO,NO,NOT_SURE,NO,YES,NO,HIGH,YES,NO,35,MODERATE
SYNTH-00609,PUBLIC,YES,YES,YES,YES,YES,YES,YES,PUBLIC,YES,YES,YES,NO,NO,NO,NO,YES,LOW,NO,NO,100,CRITICAL
SYNTH-00610,PUBLIC,YES,YES,YES,YES,YES,YES,YES,PUBLIC,YES,YES,YES,NO,NO,NO,NO,YES,LOW,NO,NO,100,CRITICAL
SYNTH-00611,PRIVATE,NO,NO,YES,YES,YES,NO,NO,FRIENDS,SOMETIMES,YES,NO,NOT_SURE,NO,YES,YES,NO,HIGH,YES,YES,28,MODERATE
SYNTH-00612,FRIENDS_ONLY,NO,NO,NO,NO,YES,NO,NO,PRIVATE,NO,NO,NO,YES,YES,YES,YES,YES,HIGH,YES,NO,11,LOW
SYNTH-00613,FRIENDS_ONLY,NO,YES,NO,NO,YES,NO,YES,PRIVATE,SOMETIMES,SOMETIMES,YES,YES,NOT_SURE,YES,YES,NO,LOW,YES,YES,38,MODERATE
SYNTH-00614,PUBLIC,NO,YES,YES,YES,YES,YES,YES,PUBLIC,YES,YES,YES,NO,NO,NO,YES,YES,LOW,NO,NO,92,CRITICAL
SYNTH-00615,PUBLIC,YES,YES,YES,YES,YES,YES,YES,PUBLIC,YES,YES,YES,NO,NO,NO,NO,YES,LOW,NO,NO,100,CRITICAL
SYNTH-00616,PRIVATE,NO,NO,NO,NO,NO,YES,NO,PRIVATE,NO,NO,NO,YES,YES,YES,YES,NO,HIGH,YES,YES,3,LOW
SYNTH-00617,FRIENDS_ONLY,NO,NO,NO,NO,NO,NO,NO,PRIVATE,NO,NO,NO,YES,YES,YES,YES,NO,MEDIUM,YES,NO,10,LOW
SYNTH-00618,PUBLIC,YES,YES,YES,YES,YES,YES,YES,PUBLIC,YES,YES,YES,NO,NO,NO,NO,YES,LOW,NO,NO,100,CRITICAL
SYNTH-00619,FRIENDS_ONLY,NO,NO,NO,NO,NO,NO,NO,FRIENDS,NO,SOMETIMES,NO,YES,YES,YES,YES,NO,HIGH,YES,YES,7,LOW
SYNTH-00620,PUBLIC,NO,NO,NO,NO,YES,YES,NO,PUBLIC,SOMETIMES,NO,NO,YES,NO,YES,YES,YES,HIGH,NO,YES,36,MODERATE
SYNTH-00621,PUBLIC,YES,YES,NO,YES,YES,YES,YES,PUBLIC,YES,YES,YES,YES,NOT_SURE,NO,NO,YES,MEDIUM,NO,NO,85,CRITICAL
SYNTH-00622,PRIVATE,YES,NO,YES,NO,NO,YES,NO,PRIVATE,SOMETIMES,SOMETIMES,NO,NO,NO,YES,NO,NO,MEDIUM,NO,YES,36,MODERATE
SYNTH-00623,PRIVATE,NO,YES,NO,NO,NO,NO,NO,PRIVATE,NO,NO,NO,YES,YES,YES,YES,NO,HIGH,YES,YES,3,LOW
SYNTH-00624,PUBLIC,YES,YES,YES,YES,YES,YES,YES,PUBLIC,YES,YES,YES,NO,NO,NO,NO,YES,LOW,NO,NO,100,CRITICAL
SYNTH-00625,PUBLIC,YES,YES,YES,YES,YES,YES,YES,PUBLIC,YES,YES,YES,NO,NO,NO,NO,YES,LOW,NO,NO,100,CRITICAL
SYNTH-00626,FRIENDS_ONLY,NO,YES,YES,NO,NO,YES,NO,PRIVATE,NO,NO,NO,YES,NOT_SURE,NO,NO,NO,HIGH,NO,YES,30,MODERATE
SYNTH-00627,FRIENDS_ONLY,YES,NO,YES,NO,YES,NO,YES,FRIENDS,SOMETIMES,SOMETIMES,NO,YES,YES,YES,NO,NO,LOW,YES,YES,35,MODERATE
SYNTH-00628,PUBLIC,NO,NO,NO,NO,YES,YES,NO,FRIENDS,YES,YES,SOMETIMES,NO,YES,YES,YES,NO,HIGH,NO,NO,43,HIGH
SYNTH-00629,PUBLIC,YES,YES,YES,YES,YES,YES,YES,PUBLIC,YES,YES,YES,NO,NO,NO,NO,YES,LOW,NO,NO,100,CRITICAL
SYNTH-00630,FRIENDS_ONLY,NO,NO,NO,NO,YES,NO,NO,FRIENDS,SOMETIMES,SOMETIMES,SOMETIMES,NOT_SURE,YES,NO,YES,YES,HIGH,NO,NO,36,MODERATE
SYNTH-00631,PRIVATE,NO,NO,NO,NO,NO,NO,NO,PRIVATE,NO,NO,NO,NO,YES,YES,NO,NO,HIGH,YES,YES,9,LOW
SYNTH-00632,PRIVATE,NO,NO,NO,NO,NO,YES,NO,FRIENDS,NO,NO,NO,YES,YES,YES,YES,NO,HIGH,NO,NO,10,LOW
SYNTH-00633,PUBLIC,NO,YES,YES,YES,YES,YES,YES,PUBLIC,SOMETIMES,YES,YES,NO,NO,NO,NO,YES,LOW,NO,NO,93,CRITICAL
SYNTH-00634,FRIENDS_ONLY,NO,YES,NO,YES,YES,NO,NO,FRIENDS,YES,YES,NO,NOT_SURE,YES,NO,YES,NO,HIGH,NO,NO,42,HIGH
SYNTH-00635,FRIENDS_ONLY,NO,NO,NO,NO,YES,NO,YES,FRIENDS,SOMETIMES,SOMETIMES,SOMETIMES,YES,YES,NO,YES,NO,HIGH,YES,YES,27,MODERATE
SYNTH-00636,FRIENDS_ONLY,NO,YES,YES,NO,YES,YES,YES,FRIENDS,SOMETIMES,SOMETIMES,SOMETIMES,NOT_SURE,NO,NO,NO,NO,MEDIUM,NO,NO,58,HIGH
SYNTH-00637,FRIENDS_ONLY,NO,YES,YES,YES,NO,YES,YES,PUBLIC,SOMETIMES,YES,SOMETIMES,NO,NO,YES,YES,YES,LOW,NO,NO,66,HIGH
SYNTH-00638,PUBLIC,YES,NO,NO,NO,YES,YES,YES,PUBLIC,YES,YES,SOMETIMES,NO,NO,YES,NO,YES,LOW,NO,NO,76,CRITICAL
SYNTH-00639,PUBLIC,YES,YES,YES,YES,YES,YES,YES,PUBLIC,SOMETIMES,YES,YES,YES,NO,NO,YES,YES,LOW,NO,NO,88,CRITICAL
SYNTH-00640,FRIENDS_ONLY,YES,YES,YES,NO,YES,YES,YES,FRIENDS,YES,SOMETIMES,SOMETIMES,YES,NOT_SURE,YES,NO,NO,MEDIUM,YES,NO,49,HIGH
SYNTH-00641,PRIVATE,NO,NO,NO,NO,NO,NO,NO,PRIVATE,NO,NO,NO,YES,YES,YES,YES,NO,HIGH,NO,YES,3,LOW
SYNTH-00642,PRIVATE,NO,NO,YES,NO,NO,NO,YES,PRIVATE,SOMETIMES,NO,NO,YES,YES,YES,YES,NO,HIGH,NO,YES,10,LOW
SYNTH-00643,FRIENDS_ONLY,NO,NO,NO,YES,YES,YES,NO,FRIENDS,YES,YES,NO,YES,YES,YES,NO,NO,HIGH,NO,YES,33,MODERATE
SYNTH-00644,PRIVATE,NO,NO,NO,YES,YES,NO,YES,PRIVATE,YES,SOMETIMES,SOMETIMES,NO,NO,YES,NO,NO,MEDIUM,NO,YES,44,HIGH
SYNTH-00645,PRIVATE,NO,NO,YES,NO,NO,YES,NO,FRIENDS,NO,SOMETIMES,SOMETIMES,YES,NO,NO,NO,NO,LOW,NO,YES,45,HIGH
SYNTH-00646,PUBLIC,NO,YES,NO,NO,NO,YES,YES,FRIENDS,SOMETIMES,SOMETIMES,NO,YES,NO,YES,YES,YES,HIGH,NO,YES,35,MODERATE
SYNTH-00647,PUBLIC,NO,YES,YES,NO,NO,YES,YES,PUBLIC,SOMETIMES,YES,SOMETIMES,NOT_SURE,YES,NO,NO,NO,HIGH,NO,NO,60,HIGH
SYNTH-00648,PUBLIC,YES,YES,YES,NO,YES,YES,YES,PUBLIC,YES,YES,YES,NO,NO,YES,YES,YES,LOW,NO,NO,83,CRITICAL
SYNTH-00649,PUBLIC,NO,NO,YES,NO,YES,YES,YES,PUBLIC,SOMETIMES,SOMETIMES,NO,YES,NO,YES,YES,YES,HIGH,YES,YES,40,MODERATE
SYNTH-00650,FRIENDS_ONLY,NO,NO,YES,NO,YES,YES,YES,FRIENDS,SOMETIMES,SOMETIMES,SOMETIMES,YES,NOT_SURE,NO,NO,NO,MEDIUM,YES,YES,45,HIGH
SYNTH-00651,PRIVATE,NO,YES,NO,NO,NO,NO,NO,FRIENDS,NO,NO,NO,YES,NO,YES,YES,NO,HIGH,NO,YES,13,LOW
SYNTH-00652,PUBLIC,NO,YES,NO,YES,YES,YES,NO,PUBLIC,YES,YES,SOMETIMES,NO,NO,YES,NO,YES,LOW,NO,NO,78,CRITICAL
SYNTH-00653,PUBLIC,YES,YES,YES,YES,YES,YES,YES,PUBLIC,YES,YES,YES,NO,NO,NO,NO,YES,LOW,NO,NO,100,CRITICAL
SYNTH-00654,PUBLIC,YES,YES,YES,YES,NO,YES,YES,PUBLIC,SOMETIMES,YES,YES,YES,NOT_SURE,NO,YES,YES,LOW,NO,YES,81,CRITICAL
SYNTH-00655,FRIENDS_ONLY,NO,NO,NO,NO,NO,NO,NO,PRIVATE,NO,NO,NO,YES,YES,YES,NO,NO,MEDIUM,YES,YES,12,LOW
SYNTH-00656,PRIVATE,NO,NO,NO,NO,NO,NO,NO,FRIENDS,NO,NO,NO,YES,NO,YES,YES,NO,HIGH,YES,YES,7,LOW
SYNTH-00657,PUBLIC,NO,YES,YES,NO,YES,YES,YES,PUBLIC,SOMETIMES,YES,YES,NO,NO,NO,NO,YES,LOW,YES,YES,83,CRITICAL
SYNTH-00658,PUBLIC,NO,NO,NO,NO,YES,NO,YES,FRIENDS,NO,YES,SOMETIMES,NO,YES,YES,YES,NO,MEDIUM,YES,NO,39,MODERATE
SYNTH-00659,PUBLIC,NO,NO,NO,NO,NO,YES,YES,FRIENDS,YES,NO,YES,NO,NOT_SURE,YES,YES,NO,MEDIUM,NO,NO,50,HIGH
SYNTH-00660,PRIVATE,NO,NO,NO,NO,YES,NO,YES,FRIENDS,SOMETIMES,SOMETIMES,SOMETIMES,YES,NO,YES,YES,NO,MEDIUM,NO,NO,31,MODERATE
SYNTH-00661,PUBLIC,YES,NO,YES,NO,YES,NO,YES,PUBLIC,SOMETIMES,SOMETIMES,YES,NO,NO,YES,NO,NO,LOW,NO,NO,72,CRITICAL
SYNTH-00662,PRIVATE,NO,NO,NO,NO,NO,NO,YES,PRIVATE,NO,NO,NO,YES,YES,YES,YES,NO,HIGH,YES,YES,2,LOW
SYNTH-00663,FRIENDS_ONLY,YES,YES,YES,NO,NO,YES,NO,PUBLIC,SOMETIMES,SOMETIMES,SOMETIMES,NO,NO,NO,NO,YES,MEDIUM,YES,YES,62,HIGH
SYNTH-00664,PUBLIC,YES,YES,YES,YES,YES,YES,YES,PUBLIC,YES,YES,YES,NO,NO,NO,NO,YES,LOW,NO,NO,100,CRITICAL
SYNTH-00665,FRIENDS_ONLY,NO,NO,NO,YES,YES,NO,NO,FRIENDS,SOMETIMES,NO,NO,YES,NO,YES,NO,NO,MEDIUM,YES,YES,29,MODERATE
SYNTH-00666,PUBLIC,YES,YES,YES,YES,YES,YES,YES,PUBLIC,YES,YES,YES,NO,NO,NO,NO,YES,LOW,NO,NO,100,CRITICAL
SYNTH-00667,FRIENDS_ONLY,NO,NO,NO,NO,NO,YES,NO,PUBLIC,SOMETIMES,SOMETIMES,SOMETIMES,YES,YES,NO,YES,NO,LOW,NO,YES,43,HIGH
SYNTH-00668,FRIENDS_ONLY,NO,YES,NO,YES,YES,YES,NO,FRIENDS,YES,SOMETIMES,NO,NO,NO,YES,NO,NO,HIGH,YES,NO,42,HIGH
SYNTH-00669,PUBLIC,YES,YES,YES,NO,YES,NO,YES,FRIENDS,SOMETIMES,SOMETIMES,SOMETIMES,NO,NOT_SURE,YES,NO,NO,MEDIUM,NO,YES,56,HIGH
SYNTH-00670,FRIENDS_ONLY,NO,NO,NO,YES,YES,YES,NO,FRIENDS,YES,SOMETIMES,SOMETIMES,NO,YES,YES,NO,YES,MEDIUM,NO,NO,50,HIGH
SYNTH-00671,FRIENDS_ONLY,NO,NO,NO,NO,YES,NO,NO,PRIVATE,NO,NO,SOMETIMES,YES,YES,YES,NO,NO,HIGH,YES,YES,15,LOW
SYNTH-00672,PRIVATE,NO,NO,NO,NO,NO,NO,NO,FRIENDS,NO,NO,NO,YES,NO,YES,NO,NO,HIGH,YES,YES,11,LOW
SYNTH-00673,PRIVATE,NO,NO,NO,NO,NO,NO,NO,PRIVATE,NO,NO,NO,NO,YES,YES,YES,NO,HIGH,YES,YES,5,LOW
SYNTH-00674,PRIVATE,NO,NO,NO,NO,NO,NO,NO,PRIVATE,NO,NO,NO,YES,NO,YES,NO,YES,MEDIUM,NO,YES,20,LOW
SYNTH-00675,PRIVATE,NO,NO,YES,NO,NO,NO,NO,PRIVATE,NO,NO,NO,NO,NO,YES,YES,NO,HIGH,YES,NO,15,LOW
SYNTH-00676,PRIVATE,NO,NO,YES,YES,NO,YES,YES,PUBLIC,NO,SOMETIMES,SOMETIMES,NO,NO,NO,YES,YES,MEDIUM,NO,NO,58,HIGH
SYNTH-00677,FRIENDS_ONLY,YES,NO,YES,NO,YES,YES,YES,FRIENDS,SOMETIMES,NO,YES,YES,YES,NO,NO,YES,HIGH,YES,YES,47,HIGH
SYNTH-00678,PUBLIC,YES,YES,YES,NO,YES,YES,YES,PUBLIC,YES,YES,YES,NO,NO,NO,NO,YES,LOW,NO,YES,93,CRITICAL
SYNTH-00679,FRIENDS_ONLY,YES,YES,YES,NO,YES,NO,YES,PUBLIC,YES,YES,YES,NO,NO,NO,NO,NO,MEDIUM,NO,NO,77,CRITICAL
SYNTH-00680,PUBLIC,YES,YES,YES,YES,YES,YES,YES,PUBLIC,YES,YES,SOMETIMES,NO,NO,NO,NO,YES,LOW,NO,NO,95,CRITICAL
SYNTH-00681,PRIVATE,NO,NO,NO,NO,YES,YES,NO,FRIENDS,SOMETIMES,NO,NO,YES,NO,NO,NO,YES,MEDIUM,NO,YES,38,MODERATE
SYNTH-00682,PRIVATE,NO,NO,YES,NO,YES,YES,YES,FRIENDS,NO,NO,NO,YES,YES,YES,YES,NO,HIGH,YES,YES,13,LOW
SYNTH-00683,FRIENDS_ONLY,NO,NO,NO,NO,NO,NO,NO,PUBLIC,YES,SOMETIMES,NO,YES,YES,NO,YES,NO,MEDIUM,NO,NO,35,MODERATE
SYNTH-00684,PRIVATE,NO,NO,NO,NO,YES,YES,YES,PUBLIC,SOMETIMES,YES,SOMETIMES,YES,YES,NO,YES,YES,MEDIUM,NO,YES,46,HIGH
SYNTH-00685,FRIENDS_ONLY,NO,YES,YES,YES,YES,YES,YES,FRIENDS,YES,YES,YES,NO,NO,YES,YES,YES,MEDIUM,NO,NO,67,HIGH
SYNTH-00686,PRIVATE,YES,NO,NO,NO,NO,YES,NO,PRIVATE,NO,NO,NO,YES,YES,YES,YES,NO,HIGH,YES,YES,7,LOW
SYNTH-00687,FRIENDS_ONLY,NO,YES,YES,NO,YES,NO,YES,FRIENDS,NO,SOMETIMES,SOMETIMES,YES,NOT_SURE,YES,YES,NO,LOW,YES,NO,38,MODERATE
SYNTH-00688,PRIVATE,NO,NO,NO,NO,NO,YES,NO,FRIENDS,NO,NO,NO,YES,NO,YES,NO,YES,HIGH,NO,YES,20,LOW
SYNTH-00689,FRIENDS_ONLY,NO,YES,YES,NO,YES,NO,YES,FRIENDS,SOMETIMES,SOMETIMES,NO,NO,NOT_SURE,YES,YES,NO,LOW,NO,NO,43,HIGH
SYNTH-00690,PUBLIC,YES,YES,YES,YES,YES,YES,YES,PUBLIC,YES,YES,YES,NO,NO,NO,NO,YES,LOW,NO,NO,100,CRITICAL
SYNTH-00691,FRIENDS_ONLY,NO,NO,NO,YES,NO,NO,NO,PUBLIC,NO,SOMETIMES,NO,NOT_SURE,NO,NO,NO,NO,MEDIUM,YES,YES,42,HIGH
SYNTH-00692,PUBLIC,YES,NO,YES,YES,YES,YES,NO,FRIENDS,SOMETIMES,YES,SOMETIMES,NO,NO,NO,NO,YES,LOW,NO,NO,82,CRITICAL
SYNTH-00693,FRIENDS_ONLY,NO,NO,NO,NO,YES,YES,YES,FRIENDS,NO,NO,NO,YES,NO,YES,NO,NO,MEDIUM,NO,NO,32,MODERATE
SYNTH-00694,FRIENDS_ONLY,NO,NO,YES,NO,NO,NO,YES,FRIENDS,SOMETIMES,SOMETIMES,SOMETIMES,NO,YES,NO,YES,NO,MEDIUM,YES,NO,39,MODERATE
SYNTH-00695,FRIENDS_ONLY,NO,NO,NO,NO,YES,YES,NO,PUBLIC,NO,SOMETIMES,NO,NO,NO,YES,YES,NO,MEDIUM,NO,YES,36,MODERATE
SYNTH-00696,PRIVATE,NO,NO,NO,YES,YES,YES,YES,PRIVATE,NO,SOMETIMES,NO,YES,NO,YES,NO,NO,MEDIUM,NO,NO,34,MODERATE
SYNTH-00697,PRIVATE,NO,YES,NO,NO,NO,NO,NO,PRIVATE,NO,NO,NO,YES,NO,YES,YES,NO,HIGH,YES,YES,8,LOW
SYNTH-00698,FRIENDS_ONLY,NO,NO,NO,NO,NO,NO,YES,PUBLIC,SOMETIMES,NO,YES,YES,YES,NO,YES,NO,MEDIUM,YES,NO,39,MODERATE
SYNTH-00699,FRIENDS_ONLY,NO,YES,NO,YES,NO,YES,YES,FRIENDS,SOMETIMES,SOMETIMES,SOMETIMES,NO,NO,NO,YES,NO,MEDIUM,NO,NO,55,HIGH
SYNTH-00700,PUBLIC,YES,YES,YES,YES,YES,YES,YES,PUBLIC,YES,YES,YES,NO,NO,YES,NO,YES,MEDIUM,NO,NO,87,CRITICAL
SYNTH-00701,FRIENDS_ONLY,YES,NO,NO,NO,YES,YES,NO,FRIENDS,SOMETIMES,SOMETIMES,NO,NOT_SURE,NO,YES,YES,YES,LOW,NO,NO,45,HIGH
SYNTH-00702,PUBLIC,YES,YES,YES,YES,YES,YES,NO,PUBLIC,SOMETIMES,YES,SOMETIMES,YES,NO,NO,YES,YES,MEDIUM,NO,NO,76,CRITICAL
SYNTH-00703,FRIENDS_ONLY,NO,YES,NO,NO,YES,YES,YES,FRIENDS,SOMETIMES,YES,NO,YES,NOT_SURE,YES,NO,YES,MEDIUM,YES,NO,40,MODERATE
SYNTH-00704,PRIVATE,NO,NO,NO,NO,NO,YES,NO,PRIVATE,NO,SOMETIMES,NO,NO,NO,NO,YES,NO,HIGH,YES,YES,23,MODERATE
SYNTH-00705,FRIENDS_ONLY,NO,YES,NO,NO,YES,NO,NO,FRIENDS,SOMETIMES,NO,NO,YES,YES,YES,NO,NO,LOW,NO,YES,30,MODERATE
SYNTH-00706,PUBLIC,YES,YES,YES,YES,YES,YES,YES,PUBLIC,YES,YES,YES,NO,NO,NO,NO,NO,MEDIUM,NO,NO,92,CRITICAL
SYNTH-00707,FRIENDS_ONLY,NO,NO,NO,NO,NO,YES,NO,PRIVATE,NO,NO,NO,YES,YES,YES,NO,NO,HIGH,YES,YES,10,LOW
SYNTH-00708,PRIVATE,NO,NO,NO,NO,NO,NO,NO,PRIVATE,NO,NO,NO,YES,YES,YES,YES,NO,HIGH,YES,NO,2,LOW
SYNTH-00709,PRIVATE,NO,NO,NO,NO,NO,NO,YES,PRIVATE,NO,NO,NO,YES,NO,YES,YES,NO,MEDIUM,YES,YES,12,LOW
SYNTH-00710,PUBLIC,NO,NO,NO,YES,YES,NO,NO,FRIENDS,SOMETIMES,SOMETIMES,YES,YES,YES,YES,NO,YES,MEDIUM,NO,YES,49,HIGH
SYNTH-00711,PRIVATE,NO,NO,NO,NO,NO,NO,NO,PRIVATE,SOMETIMES,NO,NO,YES,YES,YES,YES,NO,HIGH,YES,YES,2,LOW
SYNTH-00712,PUBLIC,NO,NO,YES,NO,YES,YES,YES,FRIENDS,NO,SOMETIMES,SOMETIMES,NOT_SURE,NO,NO,NO,YES,HIGH,YES,NO,55,HIGH
SYNTH-00713,PUBLIC,YES,NO,YES,YES,YES,NO,YES,PUBLIC,YES,YES,YES,YES,NO,NO,NO,NO,MEDIUM,NO,NO,81,CRITICAL
SYNTH-00714,PUBLIC,YES,NO,YES,NO,YES,YES,YES,PUBLIC,YES,YES,YES,NO,NO,YES,YES,YES,MEDIUM,YES,YES,70,HIGH
SYNTH-00715,PUBLIC,YES,YES,NO,YES,YES,YES,YES,FRIENDS,SOMETIMES,SOMETIMES,YES,NO,NO,NO,NO,YES,MEDIUM,NO,NO,81,CRITICAL
SYNTH-00716,PRIVATE,NO,NO,NO,NO,NO,NO,NO,FRIENDS,NO,NO,NO,YES,YES,YES,YES,NO,HIGH,YES,NO,4,LOW
SYNTH-00717,PUBLIC,YES,NO,YES,NO,YES,YES,YES,FRIENDS,NO,SOMETIMES,NO,YES,NOT_SURE,YES,YES,YES,MEDIUM,NO,NO,45,HIGH
SYNTH-00718,FRIENDS_ONLY,YES,NO,NO,YES,YES,YES,YES,PUBLIC,SOMETIMES,SOMETIMES,NO,NOT_SURE,YES,YES,NO,YES,MEDIUM,NO,NO,51,HIGH
SYNTH-00719,PRIVATE,NO,NO,NO,NO,NO,NO,NO,PRIVATE,NO,NO,NO,YES,YES,YES,YES,NO,HIGH,NO,YES,3,LOW
SYNTH-00720,PUBLIC,YES,YES,YES,YES,YES,YES,YES,PUBLIC,YES,YES,YES,NO,NO,NO,NO,YES,LOW,NO,NO,100,CRITICAL
SYNTH-00721,FRIENDS_ONLY,NO,YES,YES,YES,YES,YES,YES,PUBLIC,SOMETIMES,NO,NO,NO,NOT_SURE,YES,YES,NO,HIGH,NO,NO,44,HIGH
SYNTH-00722,PUBLIC,NO,NO,YES,NO,YES,YES,YES,FRIENDS,YES,NO,NO,NO,YES,YES,NO,YES,MEDIUM,NO,YES,48,HIGH
SYNTH-00723,PUBLIC,YES,YES,YES,YES,YES,YES,YES,PUBLIC,YES,YES,SOMETIMES,YES,NO,YES,YES,YES,MEDIUM,NO,NO,73,CRITICAL
SYNTH-00724,FRIENDS_ONLY,NO,NO,NO,NO,YES,YES,YES,PRIVATE,NO,NO,SOMETIMES,NO,NO,NO,YES,NO,MEDIUM,NO,NO,44,HIGH
SYNTH-00725,PUBLIC,YES,YES,YES,YES,YES,YES,YES,PUBLIC,YES,YES,YES,NO,NO,NO,NO,YES,LOW,NO,NO,100,CRITICAL
SYNTH-00726,FRIENDS_ONLY,NO,YES,YES,YES,YES,YES,NO,FRIENDS,NO,SOMETIMES,NO,NO,NO,NO,YES,YES,MEDIUM,YES,NO,52,HIGH
SYNTH-00727,FRIENDS_ONLY,YES,NO,YES,NO,NO,NO,YES,PUBLIC,YES,YES,SOMETIMES,NO,NO,NO,NO,NO,MEDIUM,YES,NO,63,HIGH
SYNTH-00728,FRIENDS_ONLY,NO,NO,NO,NO,NO,NO,NO,PRIVATE,NO,NO,NO,YES,YES,YES,YES,NO,HIGH,YES,YES,3,LOW
SYNTH-00729,PUBLIC,YES,NO,YES,YES,NO,YES,YES,PUBLIC,SOMETIMES,YES,SOMETIMES,NO,NOT_SURE,YES,NO,YES,HIGH,NO,NO,66,HIGH
SYNTH-00730,FRIENDS_ONLY,NO,NO,YES,NO,YES,YES,YES,PUBLIC,SOMETIMES,NO,NO,NO,NO,YES,YES,NO,HIGH,NO,YES,36,MODERATE
SYNTH-00731,FRIENDS_ONLY,NO,NO,NO,NO,NO,YES,NO,PRIVATE,NO,NO,NO,YES,YES,YES,NO,NO,MEDIUM,YES,YES,15,LOW
SYNTH-00732,PUBLIC,NO,NO,NO,NO,NO,NO,NO,FRIENDS,NO,NO,NO,YES,YES,YES,YES,NO,HIGH,YES,YES,12,LOW
SYNTH-00733,FRIENDS_ONLY,YES,YES,YES,YES,YES,YES,YES,PUBLIC,SOMETIMES,YES,YES,NO,NO,YES,YES,YES,LOW,YES,NO,75,CRITICAL
SYNTH-00734,FRIENDS_ONLY,NO,YES,YES,NO,YES,NO,NO,FRIENDS,NO,YES,NO,YES,NO,NO,YES,NO,LOW,NO,YES,45,HIGH
SYNTH-00735,PRIVATE,NO,NO,NO,NO,NO,YES,NO,PRIVATE,NO,NO,NO,YES,YES,YES,YES,NO,HIGH,NO,YES,6,LOW
SYNTH-00736,FRIENDS_ONLY,NO,NO,NO,YES,NO,NO,YES,FRIENDS,NO,SOMETIMES,SOMETIMES,NOT_SURE,YES,NO,NO,YES,MEDIUM,YES,YES,42,HIGH
SYNTH-00737,PUBLIC,YES,NO,NO,NO,NO,YES,YES,PUBLIC,YES,YES,YES,NO,NO,YES,NO,NO,MEDIUM,NO,NO,70,HIGH
SYNTH-00738,PUBLIC,YES,YES,YES,YES,YES,YES,YES,PUBLIC,YES,SOMETIMES,SOMETIMES,NO,NO,YES,NO,YES,LOW,YES,NO,81,CRITICAL
SYNTH-00739,FRIENDS_ONLY,NO,NO,YES,NO,NO,YES,NO,FRIENDS,NO,NO,SOMETIMES,NOT_SURE,YES,NO,YES,YES,MEDIUM,NO,NO,40,MODERATE
SYNTH-00740,PUBLIC,NO,YES,NO,YES,NO,YES,YES,PUBLIC,YES,YES,YES,NO,NO,NO,NO,YES,MEDIUM,NO,NO,85,CRITICAL
SYNTH-00741,PUBLIC,YES,NO,YES,NO,YES,YES,YES,PUBLIC,YES,YES,YES,NO,NO,NO,NO,YES,LOW,NO,NO,92,CRITICAL
SYNTH-00742,PUBLIC,NO,NO,YES,NO,YES,NO,YES,FRIENDS,YES,SOMETIMES,SOMETIMES,NOT_SURE,NO,NO,NO,YES,MEDIUM,YES,NO,62,HIGH
SYNTH-00743,PRIVATE,NO,NO,NO,NO,NO,NO,YES,PRIVATE,NO,NO,NO,YES,YES,YES,YES,NO,HIGH,NO,YES,5,LOW
SYNTH-00744,FRIENDS_ONLY,YES,YES,YES,YES,NO,YES,YES,PUBLIC,SOMETIMES,YES,YES,NO,NO,YES,NO,YES,LOW,NO,YES,77,CRITICAL
SYNTH-00745,PUBLIC,NO,NO,YES,NO,YES,NO,YES,PUBLIC,SOMETIMES,YES,YES,NO,NO,NO,NO,YES,LOW,NO,YES,80,CRITICAL
SYNTH-00746,FRIENDS_ONLY,YES,YES,YES,NO,NO,NO,NO,FRIENDS,SOMETIMES,NO,SOMETIMES,NO,YES,NO,NO,NO,HIGH,YES,YES,39,MODERATE
SYNTH-00747,FRIENDS_ONLY,NO,NO,YES,YES,YES,NO,YES,FRIENDS,SOMETIMES,NO,YES,NO,NOT_SURE,YES,YES,NO,MEDIUM,NO,YES,46,HIGH
SYNTH-00748,PUBLIC,NO,YES,YES,YES,YES,YES,YES,PUBLIC,YES,SOMETIMES,SOMETIMES,NO,NO,YES,YES,YES,LOW,YES,NO,73,CRITICAL
SYNTH-00749,PRIVATE,NO,NO,NO,NO,YES,NO,NO,FRIENDS,NO,NO,NO,YES,YES,YES,YES,YES,HIGH,YES,YES,8,LOW
SYNTH-00750,PUBLIC,YES,YES,YES,YES,YES,YES,YES,PUBLIC,YES,YES,YES,NO,NO,NO,NO,YES,LOW,NO,NO,100,CRITICAL
SYNTH-00751,FRIENDS_ONLY,YES,YES,YES,YES,YES,NO,NO,PUBLIC,NO,NO,SOMETIMES,YES,NOT_SURE,YES,NO,NO,MEDIUM,YES,YES,45,HIGH
SYNTH-00752,PUBLIC,NO,YES,YES,NO,YES,NO,NO,FRIENDS,SOMETIMES,SOMETIMES,NO,NO,NO,YES,NO,YES,HIGH,NO,YES,45,HIGH
SYNTH-00753,PRIVATE,NO,NO,YES,NO,YES,NO,NO,PRIVATE,NO,NO,NO,YES,YES,YES,YES,NO,HIGH,YES,YES,6,LOW
SYNTH-00754,PUBLIC,YES,YES,YES,NO,YES,YES,NO,PUBLIC,YES,YES,YES,NO,NO,YES,NO,YES,LOW,NO,YES,83,CRITICAL
SYNTH-00755,PRIVATE,NO,NO,NO,NO,YES,NO,NO,FRIENDS,NO,NO,NO,YES,YES,YES,YES,NO,HIGH,YES,YES,5,LOW
SYNTH-00756,PRIVATE,NO,YES,NO,NO,NO,YES,NO,PRIVATE,NO,NO,NO,YES,YES,YES,YES,NO,HIGH,YES,YES,6,LOW
SYNTH-00757,PUBLIC,YES,YES,YES,YES,YES,YES,YES,PUBLIC,YES,SOMETIMES,YES,YES,NO,YES,NO,YES,LOW,NO,YES,82,CRITICAL
SYNTH-00758,PRIVATE,NO,NO,NO,NO,NO,NO,NO,PRIVATE,NO,NO,NO,YES,YES,YES,YES,NO,HIGH,YES,NO,2,LOW
SYNTH-00759,PUBLIC,YES,NO,YES,NO,YES,YES,YES,PUBLIC,YES,YES,YES,NO,NO,YES,YES,NO,MEDIUM,NO,NO,72,CRITICAL
SYNTH-00760,PUBLIC,YES,YES,YES,YES,YES,YES,YES,PUBLIC,YES,SOMETIMES,YES,NO,NO,NO,NO,YES,LOW,NO,NO,97,CRITICAL
SYNTH-00761,FRIENDS_ONLY,NO,NO,YES,NO,YES,NO,NO,PUBLIC,YES,SOMETIMES,SOMETIMES,NO,NO,YES,NO,NO,MEDIUM,NO,NO,52,HIGH
SYNTH-00762,PUBLIC,NO,YES,NO,YES,YES,NO,YES,PUBLIC,YES,YES,SOMETIMES,YES,NO,YES,YES,YES,LOW,NO,NO,68,HIGH
SYNTH-00763,PRIVATE,NO,NO,NO,NO,NO,YES,NO,PRIVATE,NO,NO,NO,YES,YES,YES,NO,NO,HIGH,YES,YES,7,LOW
SYNTH-00764,FRIENDS_ONLY,NO,NO,YES,NO,NO,YES,NO,FRIENDS,NO,SOMETIMES,NO,YES,NO,NO,YES,YES,MEDIUM,YES,NO,36,MODERATE
SYNTH-00765,PRIVATE,NO,NO,NO,YES,NO,NO,NO,PRIVATE,SOMETIMES,NO,NO,YES,YES,YES,YES,NO,HIGH,YES,YES,7,LOW
SYNTH-00766,FRIENDS_ONLY,NO,NO,YES,NO,NO,YES,NO,FRIENDS,NO,NO,YES,NO,NO,YES,NO,NO,HIGH,NO,NO,40,MODERATE
SYNTH-00767,PRIVATE,NO,NO,NO,NO,NO,YES,NO,PRIVATE,NO,NO,NO,YES,YES,YES,YES,NO,HIGH,YES,YES,3,LOW
SYNTH-00768,FRIENDS_ONLY,NO,NO,YES,NO,YES,YES,YES,FRIENDS,NO,NO,NO,NO,NOT_SURE,YES,NO,YES,HIGH,NO,YES,34,MODERATE
SYNTH-00769,FRIENDS_ONLY,NO,YES,YES,NO,YES,YES,YES,PRIVATE,YES,SOMETIMES,NO,NO,NO,NO,NO,YES,HIGH,YES,NO,51,HIGH
SYNTH-00770,FRIENDS_ONLY,NO,YES,YES,NO,YES,YES,YES,FRIENDS,SOMETIMES,NO,YES,YES,YES,YES,NO,NO,HIGH,YES,NO,37,MODERATE
SYNTH-00771,PUBLIC,NO,YES,YES,NO,YES,YES,YES,PUBLIC,YES,YES,YES,YES,NO,NO,NO,YES,LOW,YES,NO,83,CRITICAL
SYNTH-00772,PRIVATE,NO,NO,NO,NO,NO,NO,NO,FRIENDS,NO,NO,NO,YES,YES,YES,YES,NO,HIGH,YES,YES,2,LOW
SYNTH-00773,PRIVATE,NO,NO,NO,NO,NO,NO,NO,PRIVATE,SOMETIMES,NO,NO,YES,YES,YES,YES,NO,HIGH,YES,YES,2,LOW
SYNTH-00774,PRIVATE,NO,NO,NO,YES,NO,NO,YES,PRIVATE,SOMETIMES,NO,NO,YES,NO,YES,YES,NO,HIGH,YES,YES,14,LOW
SYNTH-00775,FRIENDS_ONLY,NO,YES,NO,YES,YES,YES,NO,FRIENDS,NO,SOMETIMES,SOMETIMES,YES,NOT_SURE,NO,NO,YES,HIGH,NO,YES,47,HIGH
SYNTH-00776,FRIENDS_ONLY,YES,YES,YES,YES,YES,NO,YES,FRIENDS,YES,YES,SOMETIMES,NO,NO,NO,YES,NO,LOW,NO,NO,73,CRITICAL
SYNTH-00777,FRIENDS_ONLY,NO,NO,NO,NO,NO,NO,NO,PRIVATE,SOMETIMES,NO,NO,YES,YES,YES,YES,NO,HIGH,YES,YES,5,LOW
SYNTH-00778,FRIENDS_ONLY,NO,NO,YES,NO,YES,YES,NO,FRIENDS,SOMETIMES,YES,SOMETIMES,YES,NOT_SURE,YES,YES,YES,MEDIUM,YES,YES,37,MODERATE
SYNTH-00779,FRIENDS_ONLY,NO,NO,YES,NO,YES,YES,NO,PUBLIC,NO,YES,NO,NO,NOT_SURE,YES,YES,NO,LOW,NO,NO,47,HIGH
SYNTH-00780,PUBLIC,YES,YES,YES,YES,YES,YES,YES,PUBLIC,YES,SOMETIMES,YES,NO,NOT_SURE,YES,NO,YES,MEDIUM,NO,NO,82,CRITICAL
SYNTH-00781,PUBLIC,YES,YES,YES,YES,YES,YES,YES,PUBLIC,YES,SOMETIMES,YES,NO,NOT_SURE,NO,YES,YES,MEDIUM,NO,NO,86,CRITICAL
SYNTH-00782,PUBLIC,NO,NO,YES,NO,NO,NO,NO,PRIVATE,NO,NO,NO,YES,NO,YES,YES,NO,HIGH,YES,NO,20,LOW
SYNTH-00783,PUBLIC,NO,NO,YES,YES,YES,NO,NO,PUBLIC,SOMETIMES,SOMETIMES,SOMETIMES,NO,YES,NO,NO,NO,HIGH,YES,NO,56,HIGH
SYNTH-00784,FRIENDS_ONLY,NO,YES,YES,NO,YES,YES,NO,FRIENDS,SOMETIMES,SOMETIMES,NO,NOT_SURE,YES,YES,YES,YES,LOW,NO,NO,42,HIGH
SYNTH-00785,FRIENDS_ONLY,NO,YES,NO,NO,NO,NO,YES,PRIVATE,NO,NO,NO,YES,NO,YES,YES,NO,HIGH,NO,YES,16,LOW
SYNTH-00786,FRIENDS_ONLY,NO,NO,YES,NO,YES,NO,YES,PUBLIC,NO,SOMETIMES,NO,NOT_SURE,YES,NO,NO,YES,HIGH,NO,NO,43,HIGH
SYNTH-00787,PRIVATE,NO,NO,NO,NO,NO,NO,NO,PRIVATE,NO,NO,NO,YES,YES,YES,YES,NO,HIGH,YES,YES,0,LOW
SYNTH-00788,FRIENDS_ONLY,NO,YES,YES,YES,YES,NO,YES,PUBLIC,YES,YES,SOMETIMES,NO,NO,NO,YES,YES,MEDIUM,NO,YES,70,HIGH
SYNTH-00789,PUBLIC,YES,YES,YES,YES,YES,YES,YES,PUBLIC,YES,YES,YES,NO,NO,NO,NO,YES,LOW,NO,NO,100,CRITICAL
SYNTH-00790,PRIVATE,NO,NO,NO,NO,NO,NO,YES,PRIVATE,NO,SOMETIMES,NO,YES,YES,YES,YES,YES,HIGH,YES,YES,7,LOW
SYNTH-00791,PUBLIC,NO,YES,NO,YES,YES,YES,YES,FRIENDS,YES,YES,SOMETIMES,NO,NO,NO,YES,NO,LOW,NO,NO,76,CRITICAL
SYNTH-00792,FRIENDS_ONLY,NO,YES,NO,NO,NO,YES,YES,FRIENDS,NO,NO,SOMETIMES,YES,NOT_SURE,YES,NO,YES,HIGH,YES,YES,28,MODERATE
SYNTH-00793,PUBLIC,NO,YES,NO,NO,NO,NO,YES,PRIVATE,NO,NO,NO,YES,YES,YES,YES,NO,HIGH,YES,YES,15,LOW
SYNTH-00794,PRIVATE,NO,NO,NO,NO,YES,NO,NO,PRIVATE,NO,NO,NO,YES,YES,YES,YES,NO,HIGH,YES,YES,3,LOW
SYNTH-00795,FRIENDS_ONLY,NO,NO,NO,NO,YES,NO,NO,PRIVATE,YES,YES,NO,YES,NO,YES,NO,NO,MEDIUM,YES,NO,32,MODERATE
SYNTH-00796,PRIVATE,NO,NO,NO,NO,NO,NO,NO,PRIVATE,SOMETIMES,SOMETIMES,NO,NO,YES,YES,YES,NO,HIGH,YES,YES,9,LOW
SYNTH-00797,FRIENDS_ONLY,NO,NO,YES,NO,YES,YES,NO,FRIENDS,NO,SOMETIMES,YES,NO,NO,YES,YES,NO,HIGH,NO,NO,41,HIGH
SYNTH-00798,PUBLIC,NO,NO,NO,NO,NO,NO,NO,FRIENDS,NO,NO,NO,NO,YES,YES,YES,YES,MEDIUM,YES,YES,25,MODERATE
SYNTH-00799,PRIVATE,NO,YES,NO,NO,NO,YES,NO,PRIVATE,NO,NO,NO,YES,YES,YES,YES,NO,HIGH,YES,YES,6,LOW
SYNTH-00800,FRIENDS_ONLY,NO,NO,YES,NO,YES,YES,NO,FRIENDS,SOMETIMES,SOMETIMES,SOMETIMES,NO,NO,NO,YES,NO,HIGH,YES,YES,41,HIGH
SYNTH-00801,PUBLIC,YES,YES,YES,YES,YES,YES,YES,PUBLIC,YES,YES,YES,NO,NO,NO,NO,YES,LOW,NO,NO,100,CRITICAL
SYNTH-00802,PUBLIC,YES,YES,YES,YES,YES,YES,YES,PUBLIC,YES,YES,YES,NO,NO,NO,NO,YES,LOW,NO,NO,100,CRITICAL
SYNTH-00803,PUBLIC,YES,YES,YES,YES,YES,YES,YES,PUBLIC,YES,YES,YES,NO,NO,NO,NO,YES,LOW,NO,NO,100,CRITICAL
SYNTH-00804,FRIENDS_ONLY,NO,NO,YES,NO,YES,YES,YES,PUBLIC,NO,NO,NO,YES,YES,YES,YES,NO,HIGH,NO,YES,24,MODERATE
SYNTH-00805,PUBLIC,YES,YES,YES,YES,YES,YES,YES,PUBLIC,YES,YES,YES,NO,NO,YES,NO,YES,LOW,NO,YES,90,CRITICAL
SYNTH-00806,PUBLIC,NO,NO,NO,YES,NO,NO,NO,PRIVATE,SOMETIMES,NO,NO,YES,NO,NO,YES,NO,HIGH,YES,NO,32,MODERATE
SYNTH-00807,FRIENDS_ONLY,NO,NO,NO,NO,NO,NO,NO,FRIENDS,NO,NO,NO,YES,YES,YES,YES,NO,HIGH,YES,YES,5,LOW
SYNTH-00808,PUBLIC,NO,YES,YES,YES,YES,NO,YES,PUBLIC,YES,YES,SOMETIMES,NO,NO,NO,NO,YES,LOW,NO,YES,86,CRITICAL
SYNTH-00809,FRIENDS_ONLY,NO,NO,NO,NO,NO,YES,YES,PRIVATE,NO,NO,NO,YES,NO,YES,YES,NO,HIGH,NO,YES,16,LOW
SYNTH-00810,PRIVATE,NO,NO,NO,NO,YES,NO,YES,FRIENDS,NO,NO,NO,YES,YES,YES,YES,NO,HIGH,NO,YES,10,LOW
SYNTH-00811,PUBLIC,NO,YES,NO,NO,NO,YES,YES,PUBLIC,YES,YES,YES,NO,NO,NO,NO,NO,LOW,NO,NO,82,CRITICAL
SYNTH-00812,PUBLIC,NO,NO,YES,NO,NO,YES,NO,FRIENDS,SOMETIMES,NO,NO,NO,NO,YES,YES,NO,LOW,NO,NO,45,HIGH
SYNTH-00813,FRIENDS_ONLY,NO,NO,NO,NO,NO,NO,YES,PRIVATE,NO,NO,NO,YES,YES,YES,YES,NO,MEDIUM,NO,YES,13,LOW
SYNTH-00814,PRIVATE,NO,NO,NO,NO,NO,NO,NO,FRIENDS,NO,NO,NO,NO,YES,YES,YES,NO,HIGH,YES,YES,7,LOW
SYNTH-00815,PRIVATE,NO,NO,NO,NO,NO,YES,NO,FRIENDS,NO,NO,NO,YES,YES,YES,YES,NO,HIGH,YES,YES,5,LOW
SYNTH-00816,FRIENDS_ONLY,YES,NO,YES,NO,YES,YES,YES,FRIENDS,YES,SOMETIMES,SOMETIMES,YES,YES,NO,YES,YES,MEDIUM,NO,NO,53,HIGH
SYNTH-00817,FRIENDS_ONLY,NO,NO,NO,NO,NO,NO,NO,FRIENDS,SOMETIMES,NO,NO,YES,NO,YES,YES,YES,HIGH,YES,YES,15,LOW
SYNTH-00818,PUBLIC,NO,NO,NO,YES,YES,YES,YES,FRIENDS,SOMETIMES,SOMETIMES,NO,YES,NO,YES,YES,YES,LOW,NO,NO,52,HIGH
SYNTH-00819,FRIENDS_ONLY,NO,YES,YES,YES,YES,NO,YES,FRIENDS,SOMETIMES,SOMETIMES,SOMETIMES,YES,NO,YES,YES,YES,HIGH,YES,NO,40,MODERATE
SYNTH-00820,PUBLIC,NO,NO,NO,NO,NO,YES,NO,FRIENDS,SOMETIMES,NO,NO,NO,NO,NO,YES,YES,MEDIUM,NO,YES,46,HIGH
SYNTH-00821,PUBLIC,NO,YES,YES,NO,YES,NO,YES,PUBLIC,YES,YES,SOMETIMES,NO,NO,NO,NO,YES,MEDIUM,NO,NO,78,CRITICAL
SYNTH-00822,FRIENDS_ONLY,NO,NO,NO,NO,NO,NO,NO,PRIVATE,NO,NO,NO,YES,YES,YES,YES,NO,HIGH,YES,YES,3,LOW
SYNTH-00823,FRIENDS_ONLY,NO,YES,NO,YES,NO,YES,NO,FRIENDS,SOMETIMES,SOMETIMES,SOMETIMES,NO,NOT_SURE,NO,NO,NO,LOW,YES,NO,57,HIGH
SYNTH-00824,PRIVATE,NO,NO,NO,NO,NO,YES,NO,PRIVATE,NO,NO,NO,NO,NO,YES,YES,YES,HIGH,YES,NO,18,LOW
SYNTH-00825,PUBLIC,YES,YES,YES,YES,YES,YES,YES,PUBLIC,YES,YES,YES,NO,NO,NO,NO,YES,LOW,NO,NO,100,CRITICAL
SYNTH-00826,PUBLIC,YES,YES,YES,YES,YES,YES,YES,PUBLIC,YES,YES,YES,NO,NO,NO,NO,YES,LOW,NO,NO,100,CRITICAL
SYNTH-00827,PUBLIC,YES,YES,YES,YES,YES,YES,YES,PUBLIC,YES,YES,YES,NO,NO,NO,NO,YES,LOW,NO,NO,100,CRITICAL
SYNTH-00828,PUBLIC,YES,YES,YES,YES,YES,YES,YES,FRIENDS,SOMETIMES,YES,YES,NO,NO,NO,NO,YES,LOW,NO,NO,92,CRITICAL
SYNTH-00829,PUBLIC,YES,YES,YES,YES,YES,YES,YES,PUBLIC,YES,YES,YES,NO,NO,NO,NO,YES,LOW,NO,NO,100,CRITICAL
SYNTH-00830,PUBLIC,YES,YES,YES,YES,YES,YES,YES,PUBLIC,YES,YES,YES,NO,NO,NO,NO,YES,LOW,NO,NO,100,CRITICAL
SYNTH-00831,PUBLIC,NO,YES,YES,YES,YES,YES,YES,PUBLIC,YES,YES,YES,YES,NO,NO,YES,NO,LOW,NO,YES,82,CRITICAL
SYNTH-00832,FRIENDS_ONLY,NO,NO,YES,NO,YES,NO,NO,PUBLIC,YES,YES,YES,NO,NO,NO,YES,YES,MEDIUM,NO,NO,67,HIGH
SYNTH-00833,PUBLIC,NO,NO,YES,YES,YES,YES,YES,PUBLIC,YES,SOMETIMES,YES,NO,NO,YES,NO,YES,LOW,NO,NO,82,CRITICAL
SYNTH-00834,FRIENDS_ONLY,NO,NO,NO,NO,NO,NO,NO,PRIVATE,NO,NO,NO,YES,YES,YES,YES,YES,HIGH,YES,NO,8,LOW
SYNTH-00835,PRIVATE,NO,NO,NO,NO,NO,NO,NO,PRIVATE,NO,NO,NO,YES,YES,YES,YES,NO,HIGH,YES,NO,2,LOW
SYNTH-00836,FRIENDS_ONLY,NO,NO,YES,NO,YES,YES,NO,FRIENDS,SOMETIMES,NO,NO,NO,YES,YES,NO,NO,HIGH,YES,YES,25,MODERATE
SYNTH-00837,PUBLIC,NO,YES,YES,YES,YES,NO,YES,PUBLIC,SOMETIMES,YES,YES,YES,NO,NO,YES,YES,MEDIUM,YES,YES,71,CRITICAL
SYNTH-00838,FRIENDS_ONLY,NO,YES,NO,NO,YES,NO,YES,FRIENDS,YES,NO,NO,YES,NO,YES,NO,NO,MEDIUM,YES,YES,32,MODERATE
SYNTH-00839,PUBLIC,YES,NO,NO,YES,YES,YES,YES,PUBLIC,YES,YES,YES,NO,NO,NO,NO,YES,MEDIUM,NO,NO,89,CRITICAL
SYNTH-00840,FRIENDS_ONLY,NO,NO,NO,NO,NO,NO,NO,FRIENDS,NO,SOMETIMES,NO,NO,YES,YES,NO,NO,MEDIUM,YES,NO,23,MODERATE
SYNTH-00841,PUBLIC,NO,NO,YES,NO,YES,YES,YES,PUBLIC,SOMETIMES,YES,YES,NO,NOT_SURE,NO,YES,YES,MEDIUM,NO,YES,72,CRITICAL
SYNTH-00842,PUBLIC,NO,YES,YES,NO,NO,NO,NO,FRIENDS,YES,NO,NO,NO,NO,YES,YES,NO,MEDIUM,NO,YES,41,HIGH
SYNTH-00843,FRIENDS_ONLY,NO,NO,NO,NO,YES,YES,NO,FRIENDS,SOMETIMES,NO,NO,YES,NO,NO,YES,NO,LOW,YES,YES,36,MODERATE
SYNTH-00844,PRIVATE,NO,YES,NO,NO,NO,NO,YES,PRIVATE,NO,NO,NO,YES,YES,YES,YES,NO,HIGH,YES,YES,5,LOW
SYNTH-00845,PUBLIC,NO,NO,NO,YES,YES,NO,NO,PRIVATE,SOMETIMES,YES,NO,NO,NO,YES,NO,NO,MEDIUM,NO,NO,49,HIGH
SYNTH-00846,PUBLIC,NO,YES,YES,YES,YES,YES,NO,PUBLIC,SOMETIMES,NO,SOMETIMES,NOT_SURE,NO,YES,YES,NO,MEDIUM,YES,YES,54,HIGH
SYNTH-00847,PRIVATE,NO,NO,NO,NO,NO,NO,NO,PRIVATE,SOMETIMES,NO,NO,YES,YES,YES,YES,NO,HIGH,YES,YES,2,LOW
SYNTH-00848,PRIVATE,NO,NO,YES,YES,YES,YES,NO,FRIENDS,NO,SOMETIMES,SOMETIMES,YES,NOT_SURE,YES,NO,YES,HIGH,NO,YES,36,MODERATE
SYNTH-00849,PUBLIC,NO,NO,YES,NO,NO,YES,YES,PUBLIC,SOMETIMES,SOMETIMES,NO,NO,NO,YES,NO,NO,MEDIUM,NO,NO,53,HIGH
SYNTH-00850,PUBLIC,NO,YES,YES,NO,NO,NO,NO,FRIENDS,NO,SOMETIMES,NO,NO,NO,NO,NO,YES,HIGH,NO,YES,48,HIGH
SYNTH-00851,PUBLIC,YES,YES,YES,YES,YES,YES,YES,PUBLIC,SOMETIMES,YES,YES,NO,NO,YES,NO,YES,MEDIUM,NO,NO,84,CRITICAL
SYNTH-00852,PRIVATE,NO,YES,NO,NO,NO,NO,YES,PRIVATE,NO,NO,NO,YES,YES,YES,YES,NO,HIGH,YES,YES,5,LOW
SYNTH-00853,PUBLIC,NO,YES,YES,NO,YES,YES,NO,PUBLIC,YES,YES,SOMETIMES,NO,NO,NO,YES,YES,MEDIUM,YES,NO,72,CRITICAL
SYNTH-00854,PUBLIC,NO,YES,NO,NO,YES,YES,YES,FRIENDS,SOMETIMES,NO,SOMETIMES,NOT_SURE,NOT_SURE,NO,YES,YES,HIGH,YES,YES,47,HIGH
SYNTH-00855,PUBLIC,YES,YES,YES,YES,YES,YES,YES,PUBLIC,YES,YES,YES,NO,NO,NO,NO,YES,LOW,NO,NO,100,CRITICAL
SYNTH-00856,FRIENDS_ONLY,YES,NO,YES,YES,NO,YES,NO,FRIENDS,YES,SOMETIMES,NO,YES,NO,YES,NO,NO,HIGH,YES,YES,36,MODERATE
SYNTH-00857,PUBLIC,NO,NO,NO,YES,YES,YES,YES,PUBLIC,SOMETIMES,YES,YES,NO,NO,YES,NO,NO,LOW,NO,NO,76,CRITICAL
SYNTH-00858,PUBLIC,NO,YES,YES,YES,YES,YES,NO,FRIENDS,YES,SOMETIMES,YES,NO,NO,NO,NO,YES,LOW,NO,NO,86,CRITICAL
SYNTH-00859,PRIVATE,NO,NO,NO,NO,NO,YES,YES,PRIVATE,NO,NO,NO,NO,YES,YES,YES,NO,HIGH,YES,NO,12,LOW
SYNTH-00860,PRIVATE,NO,NO,YES,NO,NO,YES,YES,FRIENDS,SOMETIMES,SOMETIMES,SOMETIMES,NO,YES,NO,YES,NO,HIGH,NO,NO,37,MODERATE
SYNTH-00861,FRIENDS_ONLY,NO,YES,YES,NO,YES,YES,NO,FRIENDS,NO,SOMETIMES,SOMETIMES,NO,YES,NO,YES,NO,MEDIUM,YES,NO,44,HIGH
SYNTH-00862,PUBLIC,NO,YES,YES,YES,YES,YES,NO,PUBLIC,YES,SOMETIMES,YES,NO,NO,YES,YES,YES,MEDIUM,NO,NO,74,CRITICAL
SYNTH-00863,FRIENDS_ONLY,NO,NO,NO,YES,YES,YES,NO,PUBLIC,NO,NO,SOMETIMES,NO,YES,NO,YES,YES,MEDIUM,YES,NO,49,HIGH
SYNTH-00864,FRIENDS_ONLY,NO,NO,YES,YES,YES,NO,NO,PUBLIC,SOMETIMES,SOMETIMES,NO,NO,NO,NO,YES,NO,MEDIUM,YES,NO,50,HIGH
SYNTH-00865,PUBLIC,NO,YES,NO,YES,YES,YES,YES,PUBLIC,YES,SOMETIMES,SOMETIMES,NO,NO,YES,YES,YES,MEDIUM,NO,NO,68,HIGH
SYNTH-00866,PRIVATE,NO,NO,NO,NO,NO,NO,NO,FRIENDS,NO,NO,NO,YES,YES,YES,YES,YES,HIGH,YES,YES,5,LOW
SYNTH-00867,PUBLIC,YES,YES,YES,YES,YES,YES,YES,PUBLIC,YES,YES,YES,NO,NO,NO,NO,YES,LOW,NO,NO,100,CRITICAL
SYNTH-00868,PRIVATE,NO,NO,NO,NO,YES,NO,YES,FRIENDS,SOMETIMES,NO,NO,YES,YES,YES,NO,NO,HIGH,NO,NO,18,LOW
SYNTH-00869,FRIENDS_ONLY,YES,NO,NO,NO,YES,NO,YES,PUBLIC,NO,SOMETIMES,SOMETIMES,NO,NO,YES,YES,NO,HIGH,YES,NO,38,MODERATE
SYNTH-00870,PRIVATE,NO,NO,NO,NO,NO,NO,NO,FRIENDS,NO,NO,NO,NO,YES,YES,NO,NO,MEDIUM,YES,YES,16,LOW
SYNTH-00871,FRIENDS_ONLY,NO,NO,NO,NO,YES,YES,NO,FRIENDS,YES,SOMETIMES,NO,YES,YES,YES,YES,NO,MEDIUM,NO,NO,28,MODERATE
SYNTH-00872,PRIVATE,NO,NO,YES,NO,YES,YES,NO,FRIENDS,YES,NO,NO,NO,NO,YES,YES,YES,MEDIUM,NO,NO,39,MODERATE
SYNTH-00873,PRIVATE,NO,NO,NO,NO,NO,YES,NO,PRIVATE,NO,NO,NO,YES,YES,YES,YES,NO,HIGH,YES,NO,5,LOW
SYNTH-00874,PRIVATE,NO,NO,YES,NO,YES,NO,NO,PRIVATE,NO,NO,NO,YES,NO,YES,YES,NO,HIGH,YES,YES,11,LOW
SYNTH-00875,PRIVATE,YES,NO,NO,NO,NO,NO,NO,PRIVATE,SOMETIMES,NO,NO,YES,YES,YES,YES,NO,HIGH,NO,YES,9,LOW
SYNTH-00876,PUBLIC,YES,YES,YES,YES,YES,YES,YES,PUBLIC,YES,YES,YES,NO,NO,NO,NO,YES,LOW,NO,NO,100,CRITICAL
SYNTH-00877,PUBLIC,NO,YES,YES,NO,YES,YES,YES,PUBLIC,YES,YES,YES,NO,NO,NO,NO,YES,MEDIUM,NO,NO,86,CRITICAL
SYNTH-00878,PRIVATE,NO,NO,NO,NO,NO,YES,NO,PRIVATE,SOMETIMES,NO,NO,YES,YES,YES,YES,NO,MEDIUM,YES,YES,10,LOW
SYNTH-00879,PUBLIC,YES,YES,YES,YES,YES,YES,YES,PUBLIC,YES,YES,YES,NO,NO,NO,NO,YES,LOW,NO,NO,100,CRITICAL
SYNTH-00880,PUBLIC,YES,YES,YES,YES,YES,YES,YES,PUBLIC,YES,YES,YES,NO,NO,NO,NO,YES,LOW,NO,NO,100,CRITICAL
SYNTH-00881,PUBLIC,YES,YES,YES,YES,YES,YES,YES,PUBLIC,YES,YES,YES,NO,NO,NO,NO,YES,LOW,NO,NO,100,CRITICAL
SYNTH-00882,PUBLIC,NO,NO,NO,NO,NO,YES,YES,FRIENDS,SOMETIMES,SOMETIMES,SOMETIMES,NOT_SURE,YES,YES,NO,YES,MEDIUM,YES,YES,41,HIGH
SYNTH-00883,PRIVATE,NO,NO,YES,NO,NO,NO,NO,PRIVATE,NO,NO,NO,YES,YES,YES,YES,NO,HIGH,NO,YES,6,LOW
SYNTH-00884,PUBLIC,NO,YES,NO,NO,YES,NO,NO,FRIENDS,SOMETIMES,YES,SOMETIMES,YES,YES,YES,YES,YES,LOW,YES,NO,45,HIGH
SYNTH-00885,PUBLIC,YES,NO,YES,NO,NO,YES,YES,PUBLIC,YES,SOMETIMES,YES,NO,NO,NO,YES,NO,LOW,YES,NO,76,CRITICAL
SYNTH-00886,PRIVATE,NO,NO,NO,NO,NO,NO,NO,PRIVATE,NO,NO,NO,YES,YES,YES,YES,NO,HIGH,NO,NO,5,LOW
SYNTH-00887,PUBLIC,YES,YES,YES,YES,YES,YES,YES,PUBLIC,YES,YES,YES,NO,NO,NO,NO,YES,LOW,NO,NO,100,CRITICAL
SYNTH-00888,PRIVATE,NO,NO,NO,NO,NO,NO,YES,PRIVATE,NO,SOMETIMES,NO,NO,YES,YES,YES,NO,HIGH,YES,YES,9,LOW
SYNTH-00889,PRIVATE,YES,NO,YES,YES,NO,YES,YES,FRIENDS,YES,NO,NO,NO,NO,NO,NO,YES,MEDIUM,NO,NO,59,HIGH
SYNTH-00890,FRIENDS_ONLY,NO,NO,YES,NO,NO,YES,NO,FRIENDS,YES,SOMETIMES,SOMETIMES,NO,NOT_SURE,NO,YES,NO,MEDIUM,YES,NO,46,HIGH
SYNTH-00891,PRIVATE,NO,YES,YES,NO,NO,NO,YES,FRIENDS,NO,SOMETIMES,SOMETIMES,NO,YES,YES,NO,NO,MEDIUM,YES,NO,33,MODERATE
SYNTH-00892,FRIENDS_ONLY,NO,YES,NO,YES,YES,YES,NO,FRIENDS,YES,SOMETIMES,NO,YES,NO,YES,NO,YES,MEDIUM,NO,NO,48,HIGH
SYNTH-00893,PUBLIC,YES,YES,YES,YES,YES,YES,YES,PUBLIC,YES,YES,YES,NO,NO,NO,NO,YES,LOW,NO,NO,100,CRITICAL
SYNTH-00894,PUBLIC,NO,YES,YES,YES,NO,YES,YES,PUBLIC,SOMETIMES,YES,SOMETIMES,YES,NO,YES,YES,NO,LOW,NO,NO,65,HIGH
SYNTH-00895,PUBLIC,YES,YES,YES,YES,NO,YES,NO,FRIENDS,SOMETIMES,SOMETIMES,YES,NO,NO,NO,NO,YES,MEDIUM,NO,NO,79,CRITICAL
SYNTH-00896,PRIVATE,NO,NO,NO,NO,NO,NO,NO,FRIENDS,NO,NO,NO,YES,YES,YES,YES,NO,HIGH,YES,YES,2,LOW
SYNTH-00897,FRIENDS_ONLY,YES,YES,YES,YES,YES,YES,YES,FRIENDS,YES,YES,YES,NO,NO,NO,YES,YES,LOW,NO,NO,84,CRITICAL
SYNTH-00898,PUBLIC,NO,NO,YES,NO,YES,YES,YES,FRIENDS,SOMETIMES,SOMETIMES,YES,YES,NO,YES,YES,YES,MEDIUM,NO,NO,55,HIGH
SYNTH-00899,PUBLIC,NO,NO,YES,YES,YES,YES,YES,PUBLIC,YES,YES,YES,NO,NO,YES,YES,YES,LOW,YES,NO,78,CRITICAL
SYNTH-00900,PUBLIC,NO,YES,YES,NO,YES,YES,YES,PUBLIC,SOMETIMES,YES,SOMETIMES,NO,NO,YES,YES,YES,LOW,NO,YES,69,HIGH
SYNTH-00901,FRIENDS_ONLY,YES,YES,YES,YES,YES,YES,YES,PUBLIC,YES,YES,YES,NO,NO,NO,NO,YES,LOW,NO,NO,93,CRITICAL
SYNTH-00902,PUBLIC,YES,YES,YES,YES,YES,YES,YES,PUBLIC,YES,YES,YES,NO,NO,NO,NO,YES,LOW,NO,NO,100,CRITICAL
SYNTH-00903,FRIENDS_ONLY,NO,NO,YES,NO,YES,YES,YES,PRIVATE,SOMETIMES,SOMETIMES,SOMETIMES,YES,NO,YES,NO,NO,HIGH,YES,YES,32,MODERATE
SYNTH-00904,PUBLIC,YES,YES,YES,YES,YES,YES,YES,PUBLIC,YES,YES,YES,NO,NO,NO,NO,YES,LOW,NO,NO,100,CRITICAL
SYNTH-00905,FRIENDS_ONLY,NO,NO,YES,NO,YES,YES,NO,PUBLIC,SOMETIMES,YES,SOMETIMES,NO,NOT_SURE,YES,YES,NO,LOW,NO,NO,54,HIGH
SYNTH-00906,PUBLIC,YES,YES,YES,YES,YES,YES,YES,PUBLIC,YES,YES,YES,NO,NO,NO,NO,YES,LOW,NO,NO,100,CRITICAL
SYNTH-00907,PRIVATE,NO,NO,YES,YES,YES,YES,YES,FRIENDS,SOMETIMES,SOMETIMES,NO,YES,YES,YES,NO,YES,LOW,YES,NO,41,HIGH
SYNTH-00908,PUBLIC,YES,NO,YES,NO,NO,NO,NO,FRIENDS,SOMETIMES,YES,SOMETIMES,YES,NO,NO,YES,NO,MEDIUM,YES,YES,49,HIGH
SYNTH-00909,PUBLIC,NO,NO,NO,NO,YES,NO,YES,PUBLIC,SOMETIMES,NO,NO,NOT_SURE,NOT_SURE,YES,YES,NO,HIGH,NO,NO,35,MODERATE
SYNTH-00910,PRIVATE,NO,NO,NO,YES,NO,NO,NO,PRIVATE,NO,NO,NO,YES,YES,YES,NO,YES,HIGH,YES,YES,12,LOW
SYNTH-00911,PRIVATE,NO,NO,NO,NO,YES,NO,NO,PRIVATE,NO,NO,NO,YES,YES,YES,YES,NO,HIGH,NO,YES,6,LOW
SYNTH-00912,FRIENDS_ONLY,NO,YES,YES,NO,NO,YES,YES,PUBLIC,SOMETIMES,NO,YES,YES,NOT_SURE,NO,YES,YES,MEDIUM,YES,YES,52,HIGH
SYNTH-00913,PUBLIC,NO,NO,YES,YES,NO,YES,YES,PUBLIC,NO,NO,SOMETIMES,YES,NO,YES,NO,NO,MEDIUM,NO,YES,52,HIGH
SYNTH-00914,PRIVATE,NO,NO,NO,NO,NO,NO,NO,FRIENDS,NO,NO,NO,YES,YES,YES,YES,NO,HIGH,YES,YES,2,LOW
SYNTH-00915,FRIENDS_ONLY,NO,NO,NO,NO,NO,NO,NO,PRIVATE,NO,NO,NO,YES,YES,YES,YES,NO,HIGH,YES,YES,3,LOW
SYNTH-00916,PUBLIC,NO,NO,NO,NO,YES,YES,YES,PUBLIC,NO,YES,SOMETIMES,NOT_SURE,NO,YES,NO,NO,LOW,NO,YES,60,HIGH
SYNTH-00917,PUBLIC,YES,YES,YES,YES,YES,YES,YES,PUBLIC,YES,YES,YES,NO,NO,NO,NO,YES,LOW,NO,NO,100,CRITICAL
SYNTH-00918,FRIENDS_ONLY,NO,NO,NO,NO,NO,NO,NO,PRIVATE,NO,NO,NO,YES,YES,YES,YES,NO,HIGH,YES,NO,5,LOW
SYNTH-00919,PUBLIC,NO,YES,NO,YES,YES,YES,YES,PUBLIC,YES,SOMETIMES,YES,NO,NOT_SURE,YES,NO,YES,LOW,NO,NO,80,CRITICAL
SYNTH-00920,PUBLIC,YES,NO,YES,NO,YES,NO,YES,FRIENDS,NO,NO,SOMETIMES,YES,YES,YES,YES,NO,MEDIUM,NO,NO,39,MODERATE
SYNTH-00921,FRIENDS_ONLY,YES,NO,YES,YES,YES,NO,NO,PRIVATE,NO,NO,SOMETIMES,NOT_SURE,NO,YES,NO,YES,HIGH,NO,NO,43,HIGH
SYNTH-00922,PRIVATE,NO,YES,NO,NO,YES,NO,NO,FRIENDS,NO,NO,NO,YES,YES,YES,YES,NO,HIGH,YES,YES,8,LOW
SYNTH-00923,PUBLIC,YES,YES,YES,YES,YES,YES,YES,PUBLIC,YES,YES,YES,NO,NO,NO,NO,YES,LOW,NO,NO,100,CRITICAL
SYNTH-00924,PUBLIC,NO,NO,YES,YES,YES,YES,YES,PUBLIC,YES,SOMETIMES,SOMETIMES,YES,NOT_SURE,YES,NO,YES,LOW,NO,NO,70,HIGH
SYNTH-00925,FRIENDS_ONLY,NO,NO,YES,YES,YES,YES,NO,FRIENDS,NO,SOMETIMES,SOMETIMES,NO,YES,NO,NO,YES,HIGH,NO,NO,51,HIGH
SYNTH-00926,PUBLIC,YES,NO,YES,YES,YES,YES,NO,PUBLIC,YES,YES,YES,NO,NO,YES,NO,YES,MEDIUM,NO,NO,82,CRITICAL
SYNTH-00927,PRIVATE,NO,NO,NO,NO,NO,YES,NO,FRIENDS,NO,NO,NO,YES,YES,YES,YES,NO,HIGH,YES,YES,5,LOW
SYNTH-00928,FRIENDS_ONLY,NO,YES,NO,NO,YES,YES,NO,FRIENDS,SOMETIMES,YES,NO,YES,NOT_SURE,YES,NO,YES,HIGH,YES,NO,33,MODERATE
SYNTH-00929,FRIENDS_ONLY,NO,NO,NO,NO,YES,YES,YES,FRIENDS,SOMETIMES,SOMETIMES,SOMETIMES,NO,NO,NO,NO,NO,MEDIUM,YES,NO,51,HIGH
SYNTH-00930,PUBLIC,NO,NO,NO,YES,YES,NO,YES,FRIENDS,YES,SOMETIMES,YES,NO,NO,YES,NO,YES,MEDIUM,NO,NO,66,HIGH
SYNTH-00931,PUBLIC,NO,NO,YES,YES,YES,YES,NO,PUBLIC,YES,YES,SOMETIMES,NO,NO,YES,YES,YES,LOW,NO,NO,74,CRITICAL
SYNTH-00932,FRIENDS_ONLY,NO,NO,YES,NO,YES,YES,NO,PUBLIC,YES,NO,YES,YES,NO,YES,YES,YES,MEDIUM,NO,NO,52,HIGH
SYNTH-00933,FRIENDS_ONLY,NO,YES,NO,NO,NO,YES,NO,PUBLIC,SOMETIMES,SOMETIMES,SOMETIMES,YES,YES,YES,YES,NO,HIGH,NO,YES,28,MODERATE
SYNTH-00934,PUBLIC,YES,YES,NO,YES,YES,YES,YES,PUBLIC,YES,YES,YES,NO,NO,NO,YES,YES,LOW,NO,YES,91,CRITICAL
SYNTH-00935,PRIVATE,NO,NO,NO,YES,YES,YES,YES,FRIENDS,NO,NO,SOMETIMES,YES,NO,NO,NO,NO,HIGH,NO,NO,42,HIGH
SYNTH-00936,PUBLIC,YES,YES,YES,YES,YES,YES,YES,PUBLIC,YES,YES,YES,NO,NO,NO,NO,YES,LOW,NO,NO,100,CRITICAL
SYNTH-00937,FRIENDS_ONLY,YES,YES,YES,NO,NO,YES,NO,FRIENDS,SOMETIMES,SOMETIMES,SOMETIMES,NO,YES,YES,YES,NO,MEDIUM,YES,NO,39,MODERATE
SYNTH-00938,PUBLIC,NO,YES,YES,YES,NO,YES,NO,PRIVATE,SOMETIMES,SOMETIMES,NO,NO,NOT_SURE,YES,YES,YES,LOW,YES,NO,51,HIGH
SYNTH-00939,FRIENDS_ONLY,NO,NO,YES,NO,YES,NO,YES,FRIENDS,SOMETIMES,NO,SOMETIMES,NOT_SURE,NO,NO,NO,NO,MEDIUM,YES,NO,47,HIGH
SYNTH-00940,PUBLIC,YES,YES,YES,YES,YES,NO,YES,PUBLIC,YES,YES,SOMETIMES,NO,NO,NO,NO,NO,LOW,NO,NO,89,CRITICAL
SYNTH-00941,PUBLIC,NO,YES,YES,YES,YES,YES,YES,PUBLIC,SOMETIMES,YES,YES,NO,NO,NO,NO,YES,MEDIUM,NO,YES,86,CRITICAL
SYNTH-00942,PRIVATE,NO,NO,YES,NO,NO,NO,NO,PRIVATE,SOMETIMES,NO,NO,NO,YES,YES,YES,NO,HIGH,YES,YES,10,LOW
SYNTH-00943,FRIENDS_ONLY,NO,YES,NO,NO,YES,YES,NO,FRIENDS,SOMETIMES,YES,YES,NO,NO,YES,YES,YES,LOW,NO,NO,59,HIGH
SYNTH-00944,PRIVATE,NO,NO,NO,NO,NO,NO,NO,FRIENDS,NO,NO,NO,YES,YES,YES,NO,NO,HIGH,YES,YES,6,LOW
SYNTH-00945,FRIENDS_ONLY,YES,YES,YES,NO,NO,YES,NO,FRIENDS,YES,SOMETIMES,NO,NO,YES,NO,YES,NO,MEDIUM,YES,YES,43,HIGH
SYNTH-00946,FRIENDS_ONLY,NO,NO,YES,NO,NO,YES,NO,FRIENDS,YES,SOMETIMES,SOMETIMES,NO,NO,NO,NO,NO,MEDIUM,NO,NO,55,HIGH
SYNTH-00947,PUBLIC,YES,YES,YES,YES,YES,YES,YES,PUBLIC,YES,YES,YES,NO,NO,NO,NO,YES,LOW,NO,NO,100,CRITICAL
SYNTH-00948,PUBLIC,YES,YES,YES,YES,YES,YES,YES,PUBLIC,YES,YES,YES,NO,NO,NO,NO,YES,LOW,NO,NO,100,CRITICAL
SYNTH-00949,PUBLIC,NO,YES,YES,YES,YES,YES,YES,PUBLIC,SOMETIMES,YES,YES,NO,NO,NO,YES,YES,MEDIUM,NO,NO,84,CRITICAL
SYNTH-00950,FRIENDS_ONLY,YES,YES,NO,NO,YES,NO,NO,FRIENDS,YES,NO,SOMETIMES,NO,NO,NO,YES,NO,HIGH,NO,NO,48,HIGH
SYNTH-00951,FRIENDS_ONLY,YES,YES,YES,YES,YES,YES,YES,FRIENDS,YES,SOMETIMES,YES,NO,NOT_SURE,YES,NO,NO,LOW,YES,NO,69,HIGH
SYNTH-00952,FRIENDS_ONLY,NO,NO,NO,NO,NO,NO,NO,PRIVATE,NO,NO,NO,YES,YES,YES,YES,NO,HIGH,NO,YES,6,LOW
SYNTH-00953,PUBLIC,NO,NO,YES,YES,NO,YES,YES,PUBLIC,YES,SOMETIMES,YES,NO,NO,NO,NO,YES,MEDIUM,NO,NO,82,CRITICAL
SYNTH-00954,PUBLIC,YES,YES,YES,YES,NO,YES,YES,FRIENDS,YES,SOMETIMES,YES,NO,NOT_SURE,NO,YES,NO,MEDIUM,NO,NO,75,CRITICAL
SYNTH-00955,FRIENDS_ONLY,NO,NO,NO,NO,NO,NO,NO,FRIENDS,SOMETIMES,NO,YES,NO,NO,YES,NO,YES,HIGH,YES,NO,36,MODERATE
SYNTH-00956,FRIENDS_ONLY,NO,NO,YES,NO,YES,NO,YES,PUBLIC,YES,NO,NO,NO,NOT_SURE,YES,NO,YES,HIGH,NO,YES,41,HIGH
SYNTH-00957,FRIENDS_ONLY,YES,YES,YES,NO,YES,YES,YES,PUBLIC,SOMETIMES,YES,SOMETIMES,NO,NO,YES,YES,YES,MEDIUM,NO,NO,63,HIGH
SYNTH-00958,PUBLIC,YES,YES,YES,YES,YES,YES,YES,PUBLIC,YES,YES,YES,NO,NO,NO,NO,YES,LOW,NO,NO,100,CRITICAL
SYNTH-00959,FRIENDS_ONLY,NO,NO,NO,NO,YES,YES,YES,FRIENDS,YES,SOMETIMES,SOMETIMES,NO,NO,NO,YES,NO,MEDIUM,YES,NO,50,HIGH
SYNTH-00960,PRIVATE,NO,NO,NO,NO,NO,NO,NO,PRIVATE,NO,NO,NO,YES,YES,YES,YES,NO,HIGH,YES,YES,0,LOW
SYNTH-00961,PUBLIC,NO,YES,YES,YES,YES,YES,YES,PUBLIC,SOMETIMES,YES,SOMETIMES,NO,NO,NO,YES,YES,LOW,NO,NO,84,CRITICAL
SYNTH-00962,PRIVATE,NO,NO,NO,YES,NO,NO,NO,PRIVATE,NO,NO,NO,YES,YES,YES,YES,NO,HIGH,YES,YES,5,LOW
SYNTH-00963,FRIENDS_ONLY,NO,NO,YES,YES,YES,YES,YES,PUBLIC,SOMETIMES,SOMETIMES,SOMETIMES,NO,NOT_SURE,YES,YES,NO,HIGH,NO,NO,48,HIGH
SYNTH-00964,PUBLIC,NO,YES,YES,NO,YES,YES,YES,PUBLIC,SOMETIMES,YES,YES,YES,NOT_SURE,NO,NO,YES,LOW,YES,NO,78,CRITICAL
SYNTH-00965,PRIVATE,NO,NO,NO,YES,NO,NO,NO,PRIVATE,SOMETIMES,NO,NO,YES,YES,YES,YES,NO,HIGH,NO,YES,10,LOW
SYNTH-00966,PUBLIC,YES,YES,YES,YES,YES,YES,YES,PUBLIC,YES,YES,YES,NO,NO,NO,NO,YES,LOW,NO,NO,100,CRITICAL
SYNTH-00967,PRIVATE,NO,NO,NO,YES,NO,NO,NO,PRIVATE,NO,NO,NO,YES,YES,NO,YES,NO,HIGH,YES,YES,13,LOW
SYNTH-00968,PRIVATE,NO,NO,NO,NO,NO,NO,NO,PRIVATE,SOMETIMES,NO,NO,YES,YES,NO,YES,NO,HIGH,YES,NO,12,LOW
SYNTH-00969,FRIENDS_ONLY,NO,NO,NO,NO,YES,NO,NO,PRIVATE,NO,NO,NO,YES,YES,NO,YES,NO,HIGH,YES,YES,14,LOW
SYNTH-00970,FRIENDS_ONLY,NO,NO,NO,NO,NO,YES,NO,FRIENDS,NO,NO,SOMETIMES,YES,NO,YES,YES,NO,HIGH,NO,YES,21,MODERATE
SYNTH-00971,FRIENDS_ONLY,YES,NO,NO,YES,NO,YES,YES,FRIENDS,NO,SOMETIMES,SOMETIMES,NO,NOT_SURE,YES,NO,YES,HIGH,YES,YES,41,HIGH
SYNTH-00972,PRIVATE,NO,NO,NO,NO,NO,YES,NO,PRIVATE,NO,NO,NO,YES,YES,YES,YES,NO,HIGH,YES,YES,3,LOW
SYNTH-00973,PUBLIC,NO,YES,YES,YES,NO,NO,YES,FRIENDS,YES,SOMETIMES,YES,YES,NO,YES,NO,YES,LOW,NO,YES,67,HIGH
SYNTH-00974,FRIENDS_ONLY,NO,NO,NO,NO,YES,YES,NO,PUBLIC,NO,SOMETIMES,SOMETIMES,NOT_SURE,NO,YES,YES,NO,MEDIUM,NO,NO,41,HIGH
SYNTH-00975,FRIENDS_ONLY,NO,NO,NO,NO,NO,NO,YES,PRIVATE,NO,NO,NO,NO,YES,YES,YES,YES,HIGH,YES,YES,13,LOW
SYNTH-00976,PRIVATE,NO,NO,NO,NO,NO,NO,NO,PRIVATE,NO,NO,NO,YES,YES,YES,YES,NO,HIGH,YES,YES,0,LOW
SYNTH-00977,FRIENDS_ONLY,NO,NO,NO,NO,NO,YES,YES,FRIENDS,YES,NO,SOMETIMES,NOT_SURE,NO,NO,NO,NO,HIGH,NO,NO,45,HIGH
SYNTH-00978,FRIENDS_ONLY,NO,NO,NO,NO,YES,NO,YES,FRIENDS,SOMETIMES,NO,YES,YES,NO,YES,NO,NO,MEDIUM,YES,YES,36,MODERATE
SYNTH-00979,PUBLIC,YES,YES,YES,YES,YES,YES,YES,PUBLIC,YES,YES,YES,NO,NO,YES,YES,YES,LOW,NO,NO,88,CRITICAL
SYNTH-00980,FRIENDS_ONLY,YES,YES,YES,YES,YES,YES,YES,FRIENDS,SOMETIMES,YES,YES,NO,NO,NO,NO,YES,LOW,NO,NO,85,CRITICAL
SYNTH-00981,PUBLIC,NO,YES,NO,YES,YES,YES,YES,PUBLIC,YES,SOMETIMES,SOMETIMES,YES,NO,NO,NO,YES,LOW,NO,NO,80,CRITICAL
SYNTH-00982,FRIENDS_ONLY,NO,NO,NO,NO,NO,NO,NO,PRIVATE,NO,NO,NO,YES,YES,YES,YES,YES,HIGH,YES,YES,6,LOW
SYNTH-00983,PUBLIC,YES,YES,YES,YES,YES,YES,NO,PUBLIC,SOMETIMES,SOMETIMES,YES,YES,NO,NO,NO,YES,MEDIUM,NO,NO,82,CRITICAL
SYNTH-00984,PRIVATE,NO,YES,NO,NO,NO,NO,NO,FRIENDS,NO,NO,NO,YES,YES,YES,YES,NO,HIGH,YES,YES,5,LOW
SYNTH-00985,PRIVATE,YES,NO,YES,NO,YES,NO,NO,FRIENDS,NO,NO,NO,NOT_SURE,NOT_SURE,NO,YES,YES,LOW,NO,NO,44,HIGH
SYNTH-00986,FRIENDS_ONLY,YES,NO,YES,NO,YES,YES,NO,PUBLIC,YES,YES,SOMETIMES,YES,NO,YES,NO,YES,LOW,NO,NO,65,HIGH
SYNTH-00987,PUBLIC,NO,YES,YES,YES,YES,YES,NO,PUBLIC,YES,SOMETIMES,SOMETIMES,NO,NO,NO,NO,NO,LOW,NO,NO,83,CRITICAL
SYNTH-00988,FRIENDS_ONLY,NO,NO,NO,NO,YES,NO,YES,FRIENDS,SOMETIMES,SOMETIMES,SOMETIMES,NOT_SURE,YES,YES,NO,NO,MEDIUM,NO,YES,34,MODERATE
SYNTH-00989,PUBLIC,NO,NO,YES,YES,YES,NO,YES,PRIVATE,YES,NO,NO,YES,NO,YES,NO,YES,HIGH,NO,NO,45,HIGH
SYNTH-00990,PRIVATE,YES,NO,YES,NO,YES,YES,NO,FRIENDS,SOMETIMES,YES,SOMETIMES,NOT_SURE,NOT_SURE,NO,NO,NO,HIGH,YES,YES,45,HIGH
SYNTH-00991,PUBLIC,NO,YES,YES,YES,YES,NO,YES,PUBLIC,YES,YES,YES,YES,NO,NO,NO,YES,LOW,YES,NO,85,CRITICAL
SYNTH-00992,PUBLIC,YES,NO,NO,NO,YES,YES,NO,FRIENDS,SOMETIMES,SOMETIMES,SOMETIMES,YES,NO,NO,YES,NO,LOW,YES,YES,54,HIGH
SYNTH-00993,FRIENDS_ONLY,YES,NO,NO,YES,YES,YES,YES,FRIENDS,NO,SOMETIMES,SOMETIMES,NO,NOT_SURE,NO,YES,NO,HIGH,NO,YES,48,HIGH
SYNTH-00994,FRIENDS_ONLY,NO,NO,NO,NO,NO,NO,NO,PRIVATE,NO,NO,NO,NO,YES,YES,YES,NO,HIGH,YES,YES,8,LOW
SYNTH-00995,PRIVATE,NO,NO,YES,NO,NO,NO,NO,FRIENDS,NO,NO,NO,YES,YES,YES,YES,YES,HIGH,YES,YES,8,LOW
SYNTH-00996,PUBLIC,NO,YES,YES,YES,YES,NO,YES,PUBLIC,SOMETIMES,SOMETIMES,SOMETIMES,NO,NO,NO,YES,YES,LOW,YES,NO,75,CRITICAL
SYNTH-00997,PRIVATE,NO,NO,NO,NO,YES,NO,NO,PRIVATE,NO,NO,SOMETIMES,YES,YES,YES,YES,NO,HIGH,YES,NO,10,LOW
SYNTH-00998,FRIENDS_ONLY,NO,NO,YES,NO,NO,YES,NO,PRIVATE,NO,NO,NO,YES,YES,YES,YES,YES,HIGH,YES,YES,12,LOW
SYNTH-00999,PUBLIC,YES,YES,YES,YES,YES,YES,YES,PUBLIC,SOMETIMES,YES,SOMETIMES,YES,NO,NO,YES,YES,LOW,YES,NO,80,CRITICAL
SYNTH-01000,PUBLIC,NO,YES,NO,YES,YES,YES,YES,FRIENDS,SOMETIMES,SOMETIMES,YES,YES,NO,NO,NO,NO,LOW,NO,NO,74,CRITICAL
SYNTH-01001,PUBLIC,YES,YES,YES,YES,YES,YES,YES,PUBLIC,SOMETIMES,YES,YES,NO,NO,YES,NO,NO,LOW,NO,NO,86,CRITICAL
SYNTH-01002,PUBLIC,YES,YES,YES,YES,YES,YES,YES,PUBLIC,YES,YES,YES,NO,NO,NO,NO,YES,LOW,NO,NO,100,CRITICAL
SYNTH-01003,PUBLIC,YES,YES,YES,YES,YES,YES,YES,PUBLIC,YES,YES,YES,NO,NO,NO,NO,YES,LOW,NO,NO,100,CRITICAL
SYNTH-01004,PRIVATE,NO,NO,NO,NO,YES,NO,NO,PRIVATE,NO,NO,NO,YES,YES,YES,YES,NO,HIGH,YES,YES,3,LOW
SYNTH-01005,FRIENDS_ONLY,NO,YES,NO,YES,YES,YES,NO,FRIENDS,NO,SOMETIMES,SOMETIMES,YES,YES,YES,NO,YES,MEDIUM,YES,NO,40,MODERATE
SYNTH-01006,PRIVATE,NO,YES,NO,NO,NO,NO,NO,FRIENDS,NO,SOMETIMES,NO,YES,YES,YES,YES,NO,HIGH,NO,YES,10,LOW
SYNTH-01007,PUBLIC,YES,YES,YES,NO,YES,YES,YES,PUBLIC,YES,YES,YES,NO,NO,NO,NO,YES,MEDIUM,NO,NO,90,CRITICAL
SYNTH-01008,PUBLIC,YES,YES,YES,YES,YES,YES,YES,PUBLIC,YES,YES,YES,NO,NO,NO,NO,YES,LOW,NO,NO,100,CRITICAL
SYNTH-01009,PUBLIC,YES,YES,YES,NO,YES,YES,YES,PUBLIC,YES,SOMETIMES,SOMETIMES,YES,NO,NO,YES,NO,LOW,NO,NO,75,CRITICAL
SYNTH-01010,FRIENDS_ONLY,NO,NO,YES,NO,NO,YES,NO,FRIENDS,NO,SOMETIMES,SOMETIMES,YES,NO,YES,YES,YES,LOW,YES,NO,38,MODERATE
SYNTH-01011,PUBLIC,NO,NO,NO,YES,NO,NO,YES,PUBLIC,NO,NO,NO,YES,YES,NO,NO,NO,HIGH,YES,YES,36,MODERATE
SYNTH-01012,FRIENDS_ONLY,NO,NO,NO,NO,NO,NO,YES,FRIENDS,NO,NO,NO,YES,YES,YES,YES,YES,HIGH,NO,NO,15,LOW
SYNTH-01013,FRIENDS_ONLY,YES,YES,YES,YES,YES,YES,YES,PUBLIC,YES,SOMETIMES,YES,NO,NOT_SURE,YES,NO,NO,MEDIUM,NO,YES,70,HIGH
SYNTH-01014,PRIVATE,NO,NO,YES,NO,NO,YES,NO,FRIENDS,NO,NO,NO,YES,NO,YES,YES,NO,HIGH,YES,YES,13,LOW
SYNTH-01015,PUBLIC,YES,YES,YES,YES,YES,YES,YES,PUBLIC,SOMETIMES,SOMETIMES,YES,NO,NO,YES,NO,NO,LOW,NO,YES,81,CRITICAL
SYNTH-01016,PUBLIC,NO,YES,YES,NO,NO,NO,YES,FRIENDS,SOMETIMES,SOMETIMES,SOMETIMES,NOT_SURE,YES,NO,YES,NO,LOW,NO,YES,53,HIGH
SYNTH-01017,PUBLIC,NO,NO,NO,NO,YES,NO,NO,PRIVATE,YES,NO,SOMETIMES,NOT_SURE,NOT_SURE,YES,NO,YES,HIGH,NO,YES,39,MODERATE
SYNTH-01018,PUBLIC,YES,YES,NO,YES,NO,YES,YES,PUBLIC,YES,SOMETIMES,SOMETIMES,NO,NO,YES,NO,YES,LOW,NO,YES,76,CRITICAL
SYNTH-01019,PRIVATE,NO,NO,NO,NO,NO,NO,NO,FRIENDS,NO,NO,NO,YES,YES,YES,YES,NO,HIGH,NO,YES,5,LOW
SYNTH-01020,FRIENDS_ONLY,YES,NO,NO,YES,YES,YES,YES,PUBLIC,NO,NO,NO,YES,NOT_SURE,YES,NO,YES,LOW,NO,YES,50,HIGH
SYNTH-01021,FRIENDS_ONLY,NO,NO,YES,YES,YES,YES,YES,FRIENDS,YES,SOMETIMES,YES,NO,NO,NO,YES,YES,LOW,YES,NO,71,CRITICAL
SYNTH-01022,PUBLIC,YES,NO,NO,YES,NO,YES,YES,PUBLIC,YES,SOMETIMES,SOMETIMES,NO,NO,YES,NO,YES,MEDIUM,YES,NO,67,HIGH
SYNTH-01023,PUBLIC,YES,YES,YES,YES,NO,YES,YES,PUBLIC,YES,YES,YES,NO,NO,YES,NO,NO,LOW,NO,NO,86,CRITICAL
SYNTH-01024,PUBLIC,NO,NO,NO,NO,YES,YES,YES,PUBLIC,SOMETIMES,YES,YES,NO,NO,NO,YES,NO,LOW,NO,NO,75,CRITICAL
SYNTH-01025,PRIVATE,YES,YES,YES,YES,YES,YES,NO,PUBLIC,NO,YES,NO,NOT_SURE,NO,YES,YES,YES,MEDIUM,NO,NO,54,HIGH
SYNTH-01026,PRIVATE,NO,YES,YES,NO,YES,YES,NO,FRIENDS,YES,NO,SOMETIMES,NO,YES,YES,NO,YES,LOW,YES,NO,48,HIGH
SYNTH-01027,PUBLIC,NO,YES,YES,YES,YES,YES,YES,PUBLIC,SOMETIMES,YES,YES,NO,NO,NO,YES,YES,LOW,NO,NO,89,CRITICAL
SYNTH-01028,PUBLIC,NO,YES,YES,YES,YES,YES,NO,PUBLIC,SOMETIMES,YES,YES,NO,NO,NO,NO,NO,LOW,NO,NO,88,CRITICAL
SYNTH-01029,PRIVATE,NO,YES,YES,NO,NO,NO,YES,PUBLIC,NO,NO,NO,YES,NO,YES,YES,YES,MEDIUM,NO,YES,31,MODERATE
SYNTH-01030,FRIENDS_ONLY,NO,NO,NO,NO,YES,YES,NO,FRIENDS,SOMETIMES,SOMETIMES,NO,NOT_SURE,NO,YES,YES,NO,MEDIUM,YES,YES,28,MODERATE
SYNTH-01031,PRIVATE,NO,YES,NO,NO,YES,NO,YES,FRIENDS,SOMETIMES,SOMETIMES,NO,YES,YES,NO,YES,YES,MEDIUM,NO,YES,33,MODERATE
SYNTH-01032,PUBLIC,NO,NO,NO,NO,NO,YES,NO,PUBLIC,YES,NO,SOMETIMES,NO,NO,YES,YES,YES,MEDIUM,YES,NO,50,HIGH
SYNTH-01033,PUBLIC,NO,NO,YES,NO,YES,YES,NO,FRIENDS,SOMETIMES,SOMETIMES,SOMETIMES,YES,NO,NO,NO,NO,MEDIUM,NO,NO,57,HIGH
SYNTH-01034,PRIVATE,NO,NO,NO,NO,NO,NO,NO,PRIVATE,NO,SOMETIMES,NO,YES,NO,YES,YES,NO,HIGH,NO,YES,10,LOW
SYNTH-01035,PRIVATE,NO,NO,NO,NO,YES,NO,NO,PRIVATE,NO,NO,NO,YES,YES,NO,YES,NO,HIGH,YES,YES,11,LOW
SYNTH-01036,PRIVATE,NO,NO,NO,NO,YES,NO,NO,PRIVATE,NO,NO,NO,YES,YES,YES,YES,NO,MEDIUM,NO,YES,11,LOW
SYNTH-01037,FRIENDS_ONLY,NO,NO,YES,NO,NO,NO,NO,FRIENDS,NO,SOMETIMES,NO,NO,NO,YES,YES,YES,HIGH,NO,NO,28,MODERATE
SYNTH-01038,PRIVATE,NO,NO,NO,NO,NO,NO,NO,PRIVATE,NO,NO,NO,YES,YES,YES,YES,NO,HIGH,YES,YES,0,LOW
SYNTH-01039,FRIENDS_ONLY,NO,YES,YES,NO,NO,YES,NO,FRIENDS,SOMETIMES,SOMETIMES,YES,NO,YES,YES,NO,YES,HIGH,NO,YES,43,HIGH
SYNTH-01040,PRIVATE,NO,NO,NO,NO,NO,NO,YES,PRIVATE,NO,NO,NO,YES,YES,YES,YES,NO,HIGH,NO,YES,5,LOW
SYNTH-01041,FRIENDS_ONLY,YES,NO,NO,YES,YES,YES,YES,FRIENDS,SOMETIMES,NO,NO,NO,NO,YES,NO,NO,HIGH,YES,NO,40,MODERATE
SYNTH-01042,PUBLIC,YES,NO,YES,YES,YES,YES,NO,PUBLIC,SOMETIMES,YES,YES,YES,NO,NO,NO,NO,LOW,NO,NO,84,CRITICAL
SYNTH-01043,FRIENDS_ONLY,NO,NO,NO,NO,YES,NO,YES,FRIENDS,SOMETIMES,NO,NO,NO,NO,YES,NO,NO,HIGH,YES,NO,28,MODERATE
SYNTH-01044,PRIVATE,NO,NO,NO,NO,NO,YES,NO,PRIVATE,NO,NO,NO,YES,NO,YES,YES,YES,HIGH,YES,YES,11,LOW
SYNTH-01045,PRIVATE,YES,NO,NO,YES,NO,NO,NO,PRIVATE,NO,NO,NO,YES,YES,YES,YES,NO,HIGH,YES,YES,9,LOW
SYNTH-01046,FRIENDS_ONLY,NO,YES,NO,NO,NO,NO,YES,FRIENDS,SOMETIMES,SOMETIMES,SOMETIMES,NO,NO,NO,NO,NO,MEDIUM,YES,YES,46,HIGH
SYNTH-01047,PUBLIC,YES,NO,YES,YES,YES,YES,YES,PUBLIC,YES,SOMETIMES,SOMETIMES,NO,NO,NO,NO,YES,MEDIUM,NO,NO,84,CRITICAL
SYNTH-01048,PRIVATE,NO,NO,YES,NO,YES,NO,NO,FRIENDS,SOMETIMES,SOMETIMES,NO,YES,NO,NO,NO,YES,MEDIUM,YES,NO,39,MODERATE
SYNTH-01049,PUBLIC,YES,YES,YES,YES,YES,YES,YES,PUBLIC,YES,YES,YES,NO,NO,NO,NO,YES,LOW,NO,NO,100,CRITICAL
SYNTH-01050,FRIENDS_ONLY,NO,NO,YES,NO,YES,YES,NO,FRIENDS,SOMETIMES,NO,NO,YES,NOT_SURE,YES,YES,NO,MEDIUM,YES,YES,24,MODERATE
SYNTH-01051,FRIENDS_ONLY,NO,NO,NO,NO,NO,NO,YES,FRIENDS,SOMETIMES,YES,NO,YES,NO,NO,YES,NO,LOW,NO,NO,42,HIGH
SYNTH-01052,PUBLIC,NO,NO,NO,NO,YES,YES,YES,PRIVATE,SOMETIMES,NO,NO,YES,YES,NO,YES,YES,MEDIUM,NO,YES,39,MODERATE
SYNTH-01053,FRIENDS_ONLY,NO,NO,NO,NO,YES,YES,YES,FRIENDS,YES,SOMETIMES,NO,NO,YES,YES,NO,NO,LOW,NO,NO,44,HIGH
SYNTH-01054,PUBLIC,YES,NO,YES,YES,NO,YES,NO,PUBLIC,SOMETIMES,YES,YES,NO,NOT_SURE,NO,YES,NO,MEDIUM,NO,NO,75,CRITICAL
SYNTH-01055,FRIENDS_ONLY,NO,NO,YES,NO,YES,YES,YES,FRIENDS,NO,YES,NO,YES,NOT_SURE,NO,YES,YES,MEDIUM,NO,YES,43,HIGH
SYNTH-01056,PUBLIC,YES,YES,YES,YES,NO,YES,YES,PUBLIC,YES,YES,YES,NO,NO,YES,NO,YES,MEDIUM,NO,YES,82,CRITICAL
SYNTH-01057,PUBLIC,NO,YES,YES,YES,NO,YES,YES,FRIENDS,YES,YES,SOMETIMES,YES,NO,NO,YES,YES,MEDIUM,NO,NO,69,HIGH
SYNTH-01058,PUBLIC,YES,YES,YES,YES,YES,YES,YES,PUBLIC,YES,YES,YES,NO,NO,NO,NO,YES,LOW,NO,NO,100,CRITICAL
SYNTH-01059,FRIENDS_ONLY,NO,YES,YES,YES,YES,YES,YES,FRIENDS,YES,SOMETIMES,SOMETIMES,NO,NOT_SURE,NO,NO,YES,LOW,NO,NO,74,CRITICAL
SYNTH-01060,PRIVATE,YES,NO,NO,NO,YES,NO,YES,FRIENDS,SOMETIMES,NO,NO,YES,YES,YES,YES,NO,HIGH,YES,YES,13,LOW
SYNTH-01061,PRIVATE,YES,NO,NO,YES,NO,YES,NO,FRIENDS,SOMETIMES,SOMETIMES,SOMETIMES,YES,YES,YES,NO,NO,MEDIUM,YES,NO,34,MODERATE
SYNTH-01062,FRIENDS_ONLY,NO,YES,NO,NO,YES,NO,YES,FRIENDS,SOMETIMES,NO,NO,NO,NO,YES,NO,NO,MEDIUM,YES,YES,34,MODERATE
SYNTH-01063,FRIENDS_ONLY,NO,YES,YES,YES,YES,NO,YES,PUBLIC,SOMETIMES,NO,YES,YES,NO,YES,YES,NO,MEDIUM,YES,NO,50,HIGH
SYNTH-01064,FRIENDS_ONLY,NO,NO,NO,NO,YES,NO,YES,FRIENDS,SOMETIMES,SOMETIMES,NO,NO,YES,YES,YES,NO,MEDIUM,NO,NO,29,MODERATE
SYNTH-01065,FRIENDS_ONLY,NO,NO,YES,NO,YES,NO,NO,FRIENDS,NO,SOMETIMES,SOMETIMES,NO,NOT_SURE,NO,YES,NO,LOW,NO,NO,49,HIGH
SYNTH-01066,PUBLIC,YES,YES,YES,NO,NO,YES,NO,FRIENDS,SOMETIMES,NO,NO,NO,NO,YES,YES,YES,LOW,NO,YES,53,HIGH
SYNTH-01067,PRIVATE,NO,NO,NO,NO,NO,NO,NO,FRIENDS,NO,NO,NO,YES,YES,YES,YES,NO,HIGH,YES,YES,2,LOW
SYNTH-01068,PUBLIC,YES,YES,YES,YES,YES,YES,YES,PUBLIC,SOMETIMES,YES,SOMETIMES,NO,NO,NO,NO,YES,LOW,NO,NO,92,CRITICAL
SYNTH-01069,PUBLIC,NO,NO,NO,YES,YES,NO,NO,PUBLIC,NO,SOMETIMES,NO,NO,YES,NO,NO,YES,HIGH,NO,NO,52,HIGH
SYNTH-01070,PRIVATE,NO,NO,NO,NO,NO,YES,NO,PRIVATE,NO,NO,NO,YES,YES,YES,YES,NO,HIGH,NO,YES,6,LOW
SYNTH-01071,PUBLIC,YES,YES,YES,YES,YES,YES,YES,PUBLIC,YES,YES,YES,NO,NO,NO,NO,YES,LOW,NO,NO,100,CRITICAL
SYNTH-01072,PUBLIC,NO,NO,YES,YES,YES,YES,YES,PUBLIC,YES,YES,SOMETIMES,NO,NO,NO,NO,YES,MEDIUM,NO,NO,83,CRITICAL
SYNTH-01073,PRIVATE,NO,YES,NO,NO,YES,YES,NO,FRIENDS,SOMETIMES,NO,NO,YES,NO,YES,NO,YES,LOW,NO,YES,38,MODERATE
SYNTH-01074,PUBLIC,YES,YES,YES,YES,YES,YES,NO,PUBLIC,SOMETIMES,YES,YES,YES,NO,NO,YES,NO,MEDIUM,NO,NO,78,CRITICAL
SYNTH-01075,PUBLIC,YES,NO,YES,YES,YES,YES,YES,PUBLIC,YES,SOMETIMES,SOMETIMES,NO,NO,YES,YES,YES,MEDIUM,NO,YES,70,HIGH
SYNTH-01076,PUBLIC,YES,YES,YES,YES,YES,NO,NO,FRIENDS,SOMETIMES,YES,YES,NO,NO,NO,NO,YES,LOW,NO,YES,85,CRITICAL
SYNTH-01077,PRIVATE,NO,NO,NO,NO,NO,NO,YES,PRIVATE,NO,NO,NO,YES,YES,YES,YES,NO,HIGH,NO,NO,7,LOW
SYNTH-01078,PRIVATE,NO,NO,NO,NO,NO,NO,NO,PRIVATE,NO,NO,NO,YES,YES,YES,YES,NO,HIGH,YES,NO,2,LOW
SYNTH-01079,PRIVATE,NO,NO,NO,NO,NO,NO,NO,FRIENDS,SOMETIMES,NO,NO,YES,YES,YES,YES,NO,HIGH,YES,YES,4,LOW
SYNTH-01080,PRIVATE,NO,YES,NO,NO,NO,YES,NO,PRIVATE,SOMETIMES,NO,NO,YES,YES,YES,YES,NO,HIGH,YES,YES,8,LOW
SYNTH-01081,PUBLIC,YES,YES,YES,YES,YES,YES,YES,PUBLIC,YES,YES,YES,NO,NO,NO,NO,YES,LOW,NO,NO,100,CRITICAL
SYNTH-01082,FRIENDS_ONLY,NO,YES,YES,NO,YES,YES,YES,PUBLIC,YES,YES,YES,NO,NO,NO,YES,NO,LOW,NO,NO,77,CRITICAL
SYNTH-01083,PUBLIC,YES,YES,YES,YES,YES,YES,YES,PUBLIC,YES,YES,YES,NO,NO,NO,NO,YES,LOW,NO,NO,100,CRITICAL
SYNTH-01084,FRIENDS_ONLY,YES,NO,YES,NO,YES,YES,YES,FRIENDS,SOMETIMES,SOMETIMES,NO,YES,NO,YES,NO,YES,MEDIUM,NO,NO,46,HIGH
SYNTH-01085,PUBLIC,YES,YES,YES,YES,YES,YES,YES,PUBLIC,YES,YES,YES,NO,NO,NO,NO,YES,LOW,NO,NO,100,CRITICAL
SYNTH-01086,FRIENDS_ONLY,NO,NO,YES,NO,YES,YES,NO,PRIVATE,NO,YES,NO,YES,YES,NO,NO,YES,MEDIUM,YES,NO,39,MODERATE
SYNTH-01087,FRIENDS_ONLY,NO,NO,NO,NO,YES,NO,NO,PRIVATE,NO,NO,NO,YES,YES,YES,NO,NO,HIGH,NO,YES,13,LOW
SYNTH-01088,FRIENDS_ONLY,NO,NO,YES,YES,YES,YES,NO,PUBLIC,NO,NO,NO,NOT_SURE,YES,YES,YES,YES,MEDIUM,YES,NO,37,MODERATE
SYNTH-01089,PRIVATE,NO,NO,NO,NO,NO,NO,NO,FRIENDS,NO,NO,NO,YES,YES,YES,YES,YES,HIGH,YES,YES,5,LOW
SYNTH-01090,FRIENDS_ONLY,NO,NO,YES,NO,NO,YES,NO,PRIVATE,NO,YES,NO,NOT_SURE,NOT_SURE,YES,NO,YES,MEDIUM,YES,NO,34,MODERATE
SYNTH-01091,PUBLIC,YES,YES,YES,NO,YES,YES,YES,FRIENDS,YES,YES,YES,NO,NO,YES,YES,YES,LOW,YES,YES,73,CRITICAL
SYNTH-01092,PRIVATE,NO,NO,NO,NO,YES,NO,NO,PRIVATE,SOMETIMES,NO,NO,YES,NO,YES,YES,NO,HIGH,YES,YES,10,LOW
SYNTH-01093,PUBLIC,NO,NO,YES,NO,NO,YES,NO,PUBLIC,YES,YES,YES,NO,NOT_SURE,YES,NO,YES,LOW,NO,YES,71,CRITICAL
SYNTH-01094,PUBLIC,NO,NO,NO,NO,NO,NO,NO,PRIVATE,NO,NO,NO,YES,YES,YES,YES,NO,HIGH,YES,YES,10,LOW
SYNTH-01095,FRIENDS_ONLY,NO,YES,YES,NO,NO,NO,NO,PUBLIC,NO,NO,SOMETIMES,NO,NO,NO,NO,NO,MEDIUM,YES,YES,48,HIGH
SYNTH-01096,PRIVATE,NO,YES,YES,NO,NO,YES,NO,PRIVATE,NO,NO,SOMETIMES,YES,YES,YES,YES,NO,HIGH,NO,YES,17,LOW
SYNTH-01097,PUBLIC,NO,NO,NO,NO,YES,YES,NO,PRIVATE,NO,NO,SOMETIMES,YES,YES,YES,YES,NO,MEDIUM,YES,NO,28,MODERATE
SYNTH-01098,PUBLIC,NO,NO,YES,YES,NO,NO,NO,PUBLIC,SOMETIMES,YES,YES,NO,NOT_SURE,NO,NO,NO,LOW,NO,NO,77,CRITICAL
SYNTH-01099,PUBLIC,YES,YES,YES,YES,YES,YES,YES,PUBLIC,YES,YES,YES,NO,NO,NO,NO,YES,LOW,NO,NO,100,CRITICAL
SYNTH-01100,FRIENDS_ONLY,NO,YES,YES,YES,YES,YES,YES,PRIVATE,YES,SOMETIMES,SOMETIMES,NOT_SURE,NO,YES,YES,YES,MEDIUM,NO,NO,55,HIGH
SYNTH-01101,PRIVATE,NO,NO,NO,NO,NO,NO,NO,PRIVATE,NO,NO,NO,YES,NO,YES,YES,NO,HIGH,YES,YES,5,LOW
SYNTH-01102,PRIVATE,NO,NO,NO,NO,YES,NO,NO,PRIVATE,NO,NO,NO,YES,YES,YES,YES,NO,HIGH,YES,YES,3,LOW
SYNTH-01103,PUBLIC,YES,YES,YES,NO,YES,YES,YES,FRIENDS,YES,YES,YES,YES,NO,NO,NO,YES,MEDIUM,YES,NO,77,CRITICAL
SYNTH-01104,FRIENDS_ONLY,YES,NO,YES,YES,YES,NO,NO,FRIENDS,SOMETIMES,YES,NO,NO,NOT_SURE,YES,NO,NO,MEDIUM,NO,YES,47,HIGH
SYNTH-01105,PUBLIC,NO,NO,NO,NO,YES,NO,NO,FRIENDS,SOMETIMES,SOMETIMES,SOMETIMES,NO,NO,YES,NO,YES,HIGH,NO,NO,46,HIGH
SYNTH-01106,PUBLIC,NO,NO,NO,NO,YES,YES,NO,FRIENDS,SOMETIMES,NO,SOMETIMES,YES,YES,NO,NO,YES,MEDIUM,NO,YES,48,HIGH
SYNTH-01107,PUBLIC,NO,YES,YES,YES,YES,NO,YES,PUBLIC,YES,YES,SOMETIMES,NO,NO,NO,NO,YES,LOW,NO,NO,88,CRITICAL
SYNTH-01108,PUBLIC,NO,YES,NO,NO,YES,NO,YES,FRIENDS,YES,SOMETIMES,SOMETIMES,NO,NO,NO,YES,YES,MEDIUM,NO,NO,63,HIGH
SYNTH-01109,FRIENDS_ONLY,YES,YES,NO,YES,NO,YES,NO,PUBLIC,YES,NO,SOMETIMES,YES,NOT_SURE,NO,NO,NO,MEDIUM,YES,NO,57,HIGH
SYNTH-01110,PUBLIC,YES,YES,YES,YES,YES,YES,YES,PUBLIC,YES,YES,YES,NO,NO,NO,NO,YES,LOW,NO,NO,100,CRITICAL
SYNTH-01111,PRIVATE,NO,NO,NO,NO,NO,NO,NO,FRIENDS,NO,NO,NO,YES,YES,YES,YES,NO,HIGH,YES,NO,4,LOW
SYNTH-01112,PUBLIC,NO,NO,YES,YES,YES,YES,YES,PUBLIC,SOMETIMES,YES,YES,YES,NO,NO,YES,NO,LOW,NO,NO,78,CRITICAL
SYNTH-01113,PUBLIC,YES,NO,YES,YES,NO,YES,YES,FRIENDS,NO,NO,YES,NOT_SURE,NO,NO,NO,YES,MEDIUM,NO,NO,72,CRITICAL
SYNTH-01114,PUBLIC,YES,YES,YES,YES,YES,YES,YES,PUBLIC,YES,YES,YES,NO,NO,NO,NO,YES,LOW,NO,NO,100,CRITICAL
SYNTH-01115,PRIVATE,NO,NO,YES,NO,NO,NO,NO,PRIVATE,SOMETIMES,NO,NO,YES,YES,YES,YES,NO,HIGH,YES,YES,5,LOW
SYNTH-01116,PUBLIC,YES,YES,YES,NO,YES,YES,NO,PUBLIC,YES,YES,YES,NO,NO,YES,NO,NO,MEDIUM,NO,NO,77,CRITICAL
SYNTH-01117,PUBLIC,YES,YES,YES,YES,YES,YES,YES,PUBLIC,YES,YES,YES,NO,NO,NO,NO,YES,LOW,NO,NO,100,CRITICAL
SYNTH-01118,PRIVATE,NO,NO,NO,NO,NO,NO,NO,FRIENDS,NO,NO,NO,YES,NO,YES,YES,NO,MEDIUM,YES,NO,14,LOW
SYNTH-01119,FRIENDS_ONLY,NO,YES,YES,YES,YES,NO,YES,FRIENDS,NO,NO,NO,YES,NO,NO,YES,NO,LOW,NO,YES,47,HIGH
SYNTH-01120,FRIENDS_ONLY,NO,NO,YES,NO,YES,NO,YES,FRIENDS,SOMETIMES,NO,NO,YES,NOT_SURE,NO,YES,NO,MEDIUM,NO,NO,36,MODERATE
SYNTH-01121,FRIENDS_ONLY,NO,NO,NO,NO,NO,YES,YES,PUBLIC,NO,NO,NO,NO,YES,YES,NO,NO,MEDIUM,NO,YES,32,MODERATE
SYNTH-01122,FRIENDS_ONLY,NO,NO,YES,YES,YES,YES,NO,FRIENDS,SOMETIMES,SOMETIMES,NO,NOT_SURE,NO,YES,NO,NO,LOW,NO,YES,48,HIGH
SYNTH-01123,FRIENDS_ONLY,NO,YES,YES,NO,NO,YES,NO,PUBLIC,YES,YES,YES,YES,NO,NO,NO,YES,LOW,NO,NO,74,CRITICAL
SYNTH-01124,PUBLIC,YES,YES,YES,YES,YES,YES,YES,PUBLIC,YES,YES,YES,NO,NO,NO,NO,YES,LOW,NO,NO,100,CRITICAL
SYNTH-01125,PRIVATE,NO,NO,NO,NO,NO,NO,NO,FRIENDS,NO,NO,NO,NO,YES,YES,YES,NO,MEDIUM,YES,YES,12,LOW
SYNTH-01126,PRIVATE,NO,NO,NO,NO,NO,NO,NO,FRIENDS,SOMETIMES,NO,NO,YES,YES,YES,YES,NO,HIGH,YES,NO,6,LOW
SYNTH-01127,PRIVATE,NO,NO,NO,NO,NO,YES,NO,FRIENDS,SOMETIMES,SOMETIMES,SOMETIMES,NOT_SURE,YES,NO,YES,YES,MEDIUM,YES,YES,33,MODERATE
SYNTH-01128,PUBLIC,NO,NO,NO,NO,NO,YES,NO,FRIENDS,SOMETIMES,SOMETIMES,NO,YES,YES,YES,NO,YES,MEDIUM,NO,NO,36,MODERATE
SYNTH-01129,FRIENDS_ONLY,NO,NO,NO,NO,NO,NO,YES,PRIVATE,NO,NO,NO,YES,NO,YES,YES,NO,HIGH,YES,YES,10,LOW
SYNTH-01130,PUBLIC,YES,YES,YES,YES,YES,YES,YES,PUBLIC,YES,YES,YES,NO,NO,NO,NO,YES,LOW,NO,NO,100,CRITICAL
SYNTH-01131,FRIENDS_ONLY,NO,NO,NO,NO,YES,YES,NO,PUBLIC,SOMETIMES,SOMETIMES,NO,NO,NO,NO,NO,NO,MEDIUM,YES,NO,49,HIGH
SYNTH-01132,PUBLIC,YES,YES,YES,YES,YES,YES,YES,PUBLIC,YES,SOMETIMES,SOMETIMES,YES,NO,YES,YES,YES,MEDIUM,NO,NO,70,HIGH
SYNTH-01133,PUBLIC,NO,NO,YES,NO,YES,YES,NO,FRIENDS,SOMETIMES,SOMETIMES,NO,NO,NO,NO,YES,YES,HIGH,NO,YES,49,HIGH
SYNTH-01134,PUBLIC,NO,NO,YES,YES,YES,YES,YES,PUBLIC,SOMETIMES,SOMETIMES,YES,YES,NOT_SURE,NO,NO,YES,LOW,NO,NO,80,CRITICAL
SYNTH-01135,PUBLIC,YES,YES,YES,YES,YES,YES,YES,PUBLIC,YES,YES,YES,NO,NO,NO,NO,YES,LOW,NO,NO,100,CRITICAL
SYNTH-01136,PRIVATE,NO,NO,NO,NO,NO,YES,YES,PRIVATE,NO,NO,NO,YES,YES,YES,YES,NO,HIGH,NO,YES,8,LOW
SYNTH-01137,PUBLIC,NO,NO,NO,NO,NO,NO,NO,PRIVATE,NO,NO,NO,YES,YES,YES,YES,NO,HIGH,YES,YES,10,LOW
SYNTH-01138,PUBLIC,YES,YES,YES,YES,YES,YES,YES,FRIENDS,YES,YES,YES,NO,NO,NO,YES,YES,MEDIUM,YES,NO,83,CRITICAL
SYNTH-01139,PRIVATE,NO,NO,NO,NO,NO,NO,NO,PRIVATE,SOMETIMES,NO,NO,YES,YES,YES,YES,NO,HIGH,YES,YES,2,LOW
SYNTH-01140,FRIENDS_ONLY,YES,YES,NO,YES,YES,YES,YES,PUBLIC,YES,YES,YES,NO,NOT_SURE,NO,YES,YES,MEDIUM,YES,NO,76,CRITICAL
SYNTH-01141,PRIVATE,NO,NO,NO,NO,NO,NO,NO,FRIENDS,NO,NO,NO,YES,YES,YES,YES,NO,HIGH,YES,YES,2,LOW
SYNTH-01142,PUBLIC,YES,YES,YES,YES,YES,YES,YES,PUBLIC,YES,YES,YES,NO,NO,NO,NO,YES,LOW,NO,NO,100,CRITICAL
SYNTH-01143,PUBLIC,YES,YES,NO,YES,YES,YES,YES,PUBLIC,YES,YES,YES,NO,NO,YES,NO,YES,LOW,NO,NO,89,CRITICAL
SYNTH-01144,FRIENDS_ONLY,NO,NO,YES,NO,YES,NO,YES,PUBLIC,YES,SOMETIMES,SOMETIMES,NO,NO,NO,NO,YES,LOW,YES,NO,67,HIGH
SYNTH-01145,PRIVATE,NO,NO,NO,NO,NO,NO,NO,PRIVATE,NO,NO,NO,YES,YES,YES,YES,NO,HIGH,YES,YES,0,LOW
SYNTH-01146,PUBLIC,NO,YES,YES,YES,YES,YES,YES,PUBLIC,YES,YES,SOMETIMES,YES,NO,NO,YES,YES,MEDIUM,NO,NO,77,CRITICAL
SYNTH-01147,FRIENDS_ONLY,NO,NO,NO,NO,NO,YES,NO,PRIVATE,NO,NO,NO,YES,YES,YES,NO,NO,HIGH,YES,YES,10,LOW
SYNTH-01148,FRIENDS_ONLY,NO,NO,NO,NO,NO,NO,NO,PRIVATE,NO,NO,NO,YES,YES,YES,YES,NO,HIGH,NO,YES,6,LOW
SYNTH-01149,PRIVATE,NO,NO,NO,NO,NO,NO,NO,PRIVATE,NO,NO,NO,YES,YES,YES,YES,NO,HIGH,NO,YES,3,LOW
SYNTH-01150,PRIVATE,NO,NO,NO,NO,NO,YES,YES,PRIVATE,NO,NO,NO,YES,YES,YES,YES,YES,HIGH,YES,YES,8,LOW
SYNTH-01151,FRIENDS_ONLY,NO,YES,NO,NO,YES,YES,YES,PRIVATE,SOMETIMES,NO,YES,NO,NO,YES,YES,NO,LOW,NO,YES,49,HIGH
SYNTH-01152,FRIENDS_ONLY,NO,NO,YES,YES,YES,NO,NO,FRIENDS,NO,SOMETIMES,NO,NO,NO,YES,YES,YES,LOW,NO,YES,44,HIGH
SYNTH-01153,PRIVATE,NO,NO,NO,NO,YES,YES,NO,PRIVATE,NO,NO,NO,YES,YES,YES,YES,NO,HIGH,YES,NO,8,LOW
SYNTH-01154,FRIENDS_ONLY,NO,YES,NO,YES,YES,YES,YES,PUBLIC,YES,SOMETIMES,YES,YES,NO,NO,YES,YES,MEDIUM,NO,NO,69,HIGH
SYNTH-01155,FRIENDS_ONLY,NO,NO,NO,NO,NO,YES,YES,FRIENDS,NO,SOMETIMES,SOMETIMES,YES,NO,YES,YES,NO,MEDIUM,NO,NO,32,MODERATE
SYNTH-01156,PRIVATE,YES,NO,YES,YES,NO,YES,NO,FRIENDS,NO,NO,SOMETIMES,NOT_SURE,NO,NO,YES,NO,MEDIUM,NO,YES,46,HIGH
SYNTH-01157,PRIVATE,NO,YES,NO,YES,YES,YES,YES,FRIENDS,YES,NO,SOMETIMES,YES,YES,YES,NO,NO,HIGH,YES,NO,34,MODERATE
SYNTH-01158,FRIENDS_ONLY,NO,NO,NO,YES,YES,NO,NO,FRIENDS,SOMETIMES,SOMETIMES,NO,YES,YES,YES,NO,YES,MEDIUM,NO,YES,32,MODERATE
SYNTH-01159,FRIENDS_ONLY,NO,YES,NO,NO,NO,NO,NO,FRIENDS,SOMETIMES,SOMETIMES,SOMETIMES,YES,YES,NO,NO,YES,HIGH,NO,YES,35,MODERATE
SYNTH-01160,PRIVATE,NO,NO,YES,NO,NO,NO,NO,PRIVATE,SOMETIMES,NO,NO,YES,NO,YES,YES,NO,HIGH,YES,YES,10,LOW
SYNTH-01161,PRIVATE,NO,YES,NO,NO,NO,NO,NO,FRIENDS,NO,NO,NO,NO,NO,YES,NO,NO,HIGH,YES,YES,19,LOW
SYNTH-01162,PUBLIC,YES,YES,YES,YES,YES,YES,YES,PUBLIC,YES,YES,YES,NO,NO,NO,NO,YES,LOW,NO,NO,100,CRITICAL
SYNTH-01163,PUBLIC,YES,YES,YES,YES,YES,YES,YES,PUBLIC,YES,YES,YES,NO,NO,NO,NO,YES,LOW,NO,NO,100,CRITICAL
SYNTH-01164,PRIVATE,NO,NO,NO,NO,NO,YES,NO,FRIENDS,NO,NO,NO,YES,NO,YES,YES,NO,HIGH,YES,NO,12,LOW
SYNTH-01165,PRIVATE,NO,NO,NO,NO,YES,NO,YES,PRIVATE,NO,NO,NO,YES,NO,YES,YES,NO,HIGH,YES,NO,12,LOW
SYNTH-01166,PRIVATE,NO,NO,NO,NO,NO,NO,NO,PRIVATE,NO,NO,NO,YES,YES,YES,YES,NO,HIGH,NO,YES,3,LOW
SYNTH-01167,FRIENDS_ONLY,NO,NO,YES,NO,NO,YES,YES,PUBLIC,NO,YES,SOMETIMES,NO,YES,NO,YES,NO,MEDIUM,NO,YES,49,HIGH
SYNTH-01168,FRIENDS_ONLY,NO,NO,NO,NO,YES,NO,YES,FRIENDS,SOMETIMES,NO,NO,NO,YES,YES,YES,YES,HIGH,NO,NO,25,MODERATE
SYNTH-01169,PUBLIC,NO,YES,YES,YES,YES,YES,YES,PUBLIC,YES,YES,YES,NO,NO,NO,NO,YES,LOW,NO,YES,94,CRITICAL
SYNTH-01170,FRIENDS_ONLY,NO,NO,NO,NO,YES,NO,NO,PRIVATE,NO,NO,NO,YES,YES,YES,YES,NO,HIGH,YES,YES,6,LOW
SYNTH-01171,PUBLIC,YES,NO,NO,NO,NO,YES,YES,FRIENDS,NO,NO,NO,YES,NO,NO,NO,NO,MEDIUM,YES,NO,45,HIGH
SYNTH-01172,PRIVATE,NO,YES,NO,NO,NO,NO,NO,PRIVATE,SOMETIMES,NO,NO,YES,YES,YES,YES,NO,HIGH,YES,YES,5,LOW
SYNTH-01173,PUBLIC,NO,NO,NO,NO,NO,NO,NO,PRIVATE,NO,NO,NO,YES,YES,YES,YES,NO,HIGH,NO,NO,15,LOW
SYNTH-01174,FRIENDS_ONLY,NO,NO,NO,YES,NO,NO,NO,PRIVATE,NO,NO,NO,YES,YES,YES,YES,NO,HIGH,YES,YES,8,LOW
SYNTH-01175,PUBLIC,NO,YES,NO,YES,NO,YES,YES,FRIENDS,YES,YES,YES,NO,NO,NO,YES,NO,MEDIUM,NO,NO,73,CRITICAL
SYNTH-01176,FRIENDS_ONLY,YES,NO,YES,YES,NO,NO,YES,PUBLIC,SOMETIMES,YES,YES,NO,NO,YES,YES,YES,LOW,YES,YES,64,HIGH
SYNTH-01177,PUBLIC,NO,NO,YES,YES,NO,YES,NO,PRIVATE,SOMETIMES,NO,NO,NOT_SURE,NOT_SURE,YES,NO,YES,LOW,YES,YES,46,HIGH
SYNTH-01178,PRIVATE,NO,NO,NO,NO,NO,NO,NO,FRIENDS,SOMETIMES,NO,NO,NO,YES,YES,NO,NO,HIGH,NO,YES,16,LOW
SYNTH-01179,FRIENDS_ONLY,NO,YES,YES,YES,YES,NO,NO,PUBLIC,NO,SOMETIMES,NO,YES,NO,NO,NO,YES,LOW,NO,YES,59,HIGH
SYNTH-01180,PRIVATE,NO,NO,NO,NO,YES,NO,NO,PRIVATE,NO,NO,NO,YES,YES,YES,YES,NO,HIGH,YES,NO,5,LOW
SYNTH-01181,PUBLIC,YES,YES,YES,YES,YES,YES,YES,PUBLIC,YES,YES,YES,NO,NO,NO,NO,YES,LOW,NO,NO,100,CRITICAL
SYNTH-01182,PUBLIC,YES,NO,NO,NO,NO,NO,NO,FRIENDS,YES,SOMETIMES,SOMETIMES,NOT_SURE,NO,YES,NO,YES,HIGH,NO,NO,48,HIGH
SYNTH-01183,FRIENDS_ONLY,NO,YES,YES,NO,NO,NO,NO,FRIENDS,SOMETIMES,NO,YES,NO,YES,NO,YES,NO,LOW,NO,YES,49,HIGH
SYNTH-01184,PRIVATE,NO,NO,NO,YES,YES,YES,NO,FRIENDS,YES,YES,SOMETIMES,YES,YES,NO,NO,YES,HIGH,NO,NO,48,HIGH
SYNTH-01185,PUBLIC,NO,NO,NO,NO,YES,YES,NO,PUBLIC,NO,SOMETIMES,NO,YES,NOT_SURE,YES,NO,YES,MEDIUM,NO,YES,43,HIGH
SYNTH-01186,PUBLIC,NO,YES,YES,NO,YES,YES,YES,PRIVATE,NO,SOMETIMES,SOMETIMES,YES,NO,YES,NO,YES,MEDIUM,YES,NO,50,HIGH
SYNTH-01187,PRIVATE,NO,NO,NO,NO,NO,NO,NO,PRIVATE,NO,NO,SOMETIMES,YES,NO,YES,YES,NO,HIGH,YES,YES,10,LOW
SYNTH-01188,FRIENDS_ONLY,NO,NO,YES,YES,YES,YES,YES,PUBLIC,SOMETIMES,YES,YES,NO,NOT_SURE,NO,YES,YES,LOW,NO,NO,77,CRITICAL
SYNTH-01189,PUBLIC,YES,YES,YES,YES,YES,YES,YES,PUBLIC,YES,YES,YES,NO,NO,NO,NO,YES,LOW,NO,NO,100,CRITICAL
SYNTH-01190,FRIENDS_ONLY,NO,YES,YES,NO,NO,NO,YES,PRIVATE,NO,SOMETIMES,SOMETIMES,NO,NOT_SURE,YES,NO,NO,MEDIUM,YES,NO,37,MODERATE
SYNTH-01191,PUBLIC,NO,NO,NO,YES,NO,YES,YES,FRIENDS,SOMETIMES,SOMETIMES,SOMETIMES,NOT_SURE,YES,NO,YES,NO,MEDIUM,NO,NO,52,HIGH
SYNTH-01192,PRIVATE,NO,NO,NO,NO,NO,NO,NO,PRIVATE,SOMETIMES,NO,NO,YES,YES,YES,YES,NO,HIGH,YES,YES,2,LOW
SYNTH-01193,PUBLIC,NO,NO,YES,NO,YES,YES,NO,FRIENDS,SOMETIMES,SOMETIMES,SOMETIMES,YES,NO,YES,YES,NO,MEDIUM,YES,NO,42,HIGH
SYNTH-01194,FRIENDS_ONLY,YES,YES,YES,YES,YES,YES,NO,FRIENDS,SOMETIMES,SOMETIMES,NO,YES,YES,NO,NO,YES,MEDIUM,YES,NO,52,HIGH
SYNTH-01195,PUBLIC,YES,YES,YES,YES,YES,YES,YES,PUBLIC,YES,YES,YES,NO,NO,NO,NO,YES,LOW,NO,NO,100,CRITICAL
SYNTH-01196,PRIVATE,YES,YES,NO,NO,YES,NO,NO,FRIENDS,SOMETIMES,SOMETIMES,NO,YES,YES,YES,NO,YES,MEDIUM,NO,NO,33,MODERATE
SYNTH-01197,PRIVATE,NO,NO,YES,NO,NO,NO,NO,FRIENDS,SOMETIMES,NO,SOMETIMES,YES,YES,NO,YES,YES,MEDIUM,NO,YES,31,MODERATE
SYNTH-01198,PUBLIC,YES,YES,YES,YES,YES,YES,YES,PUBLIC,YES,YES,YES,NO,NO,NO,NO,YES,LOW,NO,NO,100,CRITICAL
SYNTH-01199,PRIVATE,NO,YES,NO,NO,NO,NO,NO,PRIVATE,NO,NO,NO,YES,NO,YES,YES,NO,HIGH,YES,YES,8,LOW
SYNTH-01200,FRIENDS_ONLY,NO,NO,YES,NO,YES,NO,NO,FRIENDS,SOMETIMES,SOMETIMES,SOMETIMES,NO,YES,YES,YES,NO,HIGH,NO,NO,30,MODERATE
